User,Trees,A,B,C,Trial,Judgment
cgftlEk,1,1,2,2,t1_a1b2c2,0.975
cgftlEk,1,2,2,2,t1_a2b2c2,0.0116667
cgftlEk,1,3,1,2,t1_a3b1c2,0.015
cgftlEk,1,2,3,3,t1_a2b3c3,0.665
cgftlEk,1,2,1,1,t1_a2b1c1,0.035
cgftlEk,1,1,3,3,t1_a1b3c3,0.988333
cgftlEk,1,3,3,3,t1_a3b3c3,0.0116667
cgftlEk,1,1,1,2,t1_a1b1c2,0.985
cgftlEk,1,2,1,3,t1_a2b1c3,0.065
cgftlEk,2,1,2,2,t2_a1b2c2,0.0216667
cgftlEk,2,2,2,2,t2_a2b2c2,0.985
cgftlEk,2,3,1,2,t2_a3b1c2,0.015
cgftlEk,2,2,3,3,t2_a2b3c3,0.758333
cgftlEk,2,2,1,1,t2_a2b1c1,0.971667
cgftlEk,2,1,3,3,t2_a1b3c3,0.005
cgftlEk,2,3,3,3,t2_a3b3c3,0.588333
cgftlEk,2,1,1,2,t2_a1b1c2,0.141667
cgftlEk,2,2,1,3,t2_a2b1c3,0.961667
cgftlEk,3,1,2,2,t3_a1b2c2,0.861667
cgftlEk,3,2,2,2,t3_a2b2c2,0.758333
cgftlEk,3,3,1,2,t3_a3b1c2,0.978333
cgftlEk,3,2,3,3,t3_a2b3c3,0.0483333
cgftlEk,3,2,1,1,t3_a2b1c1,0.991667
cgftlEk,3,1,3,3,t3_a1b3c3,0
cgftlEk,3,3,3,3,t3_a3b3c3,0.975
cgftlEk,3,1,1,2,t3_a1b1c2,0.518333
cgftlEk,3,2,1,3,t3_a2b1c3,0.00833333
riHT3nw,1,1,2,2,t1_a1b2c2,1
riHT3nw,1,2,2,2,t1_a2b2c2,0.396667
riHT3nw,1,3,1,2,t1_a3b1c2,0
riHT3nw,1,2,3,3,t1_a2b3c3,1
riHT3nw,1,2,1,1,t1_a2b1c1,0
riHT3nw,1,1,3,3,t1_a1b3c3,1
riHT3nw,1,3,3,3,t1_a3b3c3,0.264132
riHT3nw,1,1,1,2,t1_a1b1c2,0.574132
riHT3nw,1,2,1,3,t1_a2b1c3,0
riHT3nw,2,1,2,2,t2_a1b2c2,0
riHT3nw,2,2,2,2,t2_a2b2c2,0.406667
riHT3nw,2,3,1,2,t2_a3b1c2,0.0141319
riHT3nw,2,2,3,3,t2_a2b3c3,1
riHT3nw,2,2,1,1,t2_a2b1c1,0.990799
riHT3nw,2,1,3,3,t2_a1b3c3,0
riHT3nw,2,3,3,3,t2_a3b3c3,0.363333
riHT3nw,2,1,1,2,t2_a1b1c2,0
riHT3nw,2,2,1,3,t2_a2b1c3,1
riHT3nw,3,1,2,2,t3_a1b2c2,0.587465
riHT3nw,3,2,2,2,t3_a2b2c2,0.584132
riHT3nw,3,3,1,2,t3_a3b1c2,1
riHT3nw,3,2,3,3,t3_a2b3c3,0
riHT3nw,3,2,1,1,t3_a2b1c1,0.654132
riHT3nw,3,1,3,3,t3_a1b3c3,0
riHT3nw,3,3,3,3,t3_a3b3c3,0.374132
riHT3nw,3,1,1,2,t3_a1b1c2,0.634132
riHT3nw,3,2,1,3,t3_a2b1c3,0
hxGgvHV,1,1,2,2,t1_a1b2c2,0.973333
hxGgvHV,1,2,2,2,t1_a2b2c2,0.00666667
hxGgvHV,1,3,1,2,t1_a3b1c2,0.00333333
hxGgvHV,1,2,3,3,t1_a2b3c3,0.986667
hxGgvHV,1,2,1,1,t1_a2b1c1,0.01
hxGgvHV,1,1,3,3,t1_a1b3c3,0.96
hxGgvHV,1,3,3,3,t1_a3b3c3,0.02
hxGgvHV,1,1,1,2,t1_a1b1c2,0.996667
hxGgvHV,1,2,1,3,t1_a2b1c3,0.01
hxGgvHV,2,1,2,2,t2_a1b2c2,0.97
hxGgvHV,2,2,2,2,t2_a2b2c2,0.0133333
hxGgvHV,2,3,1,2,t2_a3b1c2,0.0133333
hxGgvHV,2,2,3,3,t2_a2b3c3,0.98
hxGgvHV,2,2,1,1,t2_a2b1c1,0.98
hxGgvHV,2,1,3,3,t2_a1b3c3,0.00666667
hxGgvHV,2,3,3,3,t2_a3b3c3,0.0266667
hxGgvHV,2,1,1,2,t2_a1b1c2,0.963333
hxGgvHV,2,2,1,3,t2_a2b1c3,0.993333
hxGgvHV,3,1,2,2,t3_a1b2c2,0.983333
hxGgvHV,3,2,2,2,t3_a2b2c2,0.993333
hxGgvHV,3,3,1,2,t3_a3b1c2,0.983333
hxGgvHV,3,2,3,3,t3_a2b3c3,0.996667
hxGgvHV,3,2,1,1,t3_a2b1c1,0.983333
hxGgvHV,3,1,3,3,t3_a1b3c3,0.02
hxGgvHV,3,3,3,3,t3_a3b3c3,0.00666667
hxGgvHV,3,1,1,2,t3_a1b1c2,0.0166667
hxGgvHV,3,2,1,3,t3_a2b1c3,0.01
5srhd30,1,2,1,2,t1_a2b1c2,0
5srhd30,1,3,2,2,t1_a3b2c2,0.01
5srhd30,1,1,1,3,t1_a1b1c3,1
5srhd30,1,1,2,3,t1_a1b2c3,0.996667
5srhd30,1,3,2,3,t1_a3b2c3,0
5srhd30,1,1,1,1,t1_a1b1c1,0.78
5srhd30,1,3,1,3,t1_a3b1c3,0
5srhd30,1,2,2,3,t1_a2b2c3,1
5srhd30,1,3,1,1,t1_a3b1c1,0
5srhd30,2,2,1,2,t2_a2b1c2,1
5srhd30,2,3,2,2,t2_a3b2c2,0.0166667
5srhd30,2,1,1,3,t2_a1b1c3,0.993333
5srhd30,2,1,2,3,t2_a1b2c3,0
5srhd30,2,3,2,3,t2_a3b2c3,0
5srhd30,2,1,1,1,t2_a1b1c1,0.756667
5srhd30,2,3,1,3,t2_a3b1c3,1
5srhd30,2,2,2,3,t2_a2b2c3,1
5srhd30,2,3,1,1,t2_a3b1c1,0.123333
5srhd30,3,2,1,2,t3_a2b1c2,1
5srhd30,3,3,2,2,t3_a3b2c2,1
5srhd30,3,1,1,3,t3_a1b1c3,0
5srhd30,3,1,2,3,t3_a1b2c3,0.843333
5srhd30,3,3,2,3,t3_a3b2c3,0.95
5srhd30,3,1,1,1,t3_a1b1c1,1
5srhd30,3,3,1,3,t3_a3b1c3,1
5srhd30,3,2,2,3,t3_a2b2c3,0
5srhd30,3,3,1,1,t3_a3b1c1,1
Rmv2dDf,1,2,1,2,t1_a2b1c2,0.00666667
Rmv2dDf,1,3,2,2,t1_a3b2c2,0.00333333
Rmv2dDf,1,1,1,3,t1_a1b1c3,0.503333
Rmv2dDf,1,1,2,3,t1_a1b2c3,0.963333
Rmv2dDf,1,3,2,3,t1_a3b2c3,0.00666667
Rmv2dDf,1,1,1,1,t1_a1b1c1,0.526667
Rmv2dDf,1,3,1,3,t1_a3b1c3,0.0233333
Rmv2dDf,1,2,2,3,t1_a2b2c3,0.0533333
Rmv2dDf,1,3,1,1,t1_a3b1c1,0.02
Rmv2dDf,2,2,1,2,t2_a2b1c2,0.02
Rmv2dDf,2,3,2,2,t2_a3b2c2,0
Rmv2dDf,2,1,1,3,t2_a1b1c3,0.996667
Rmv2dDf,2,1,2,3,t2_a1b2c3,1
Rmv2dDf,2,3,2,3,t2_a3b2c3,0.946667
Rmv2dDf,2,1,1,1,t2_a1b1c1,0.993333
Rmv2dDf,2,3,1,3,t2_a3b1c3,0.0233333
Rmv2dDf,2,2,2,3,t2_a2b2c3,0.986667
Rmv2dDf,2,3,1,1,t2_a3b1c1,0.01
Rmv2dDf,3,2,1,2,t3_a2b1c2,0.96
Rmv2dDf,3,3,2,2,t3_a3b2c2,0.996667
Rmv2dDf,3,1,1,3,t3_a1b1c3,0.973333
Rmv2dDf,3,1,2,3,t3_a1b2c3,0.01
Rmv2dDf,3,3,2,3,t3_a3b2c3,0.0266667
Rmv2dDf,3,1,1,1,t3_a1b1c1,1
Rmv2dDf,3,3,1,3,t3_a3b1c3,0.986667
Rmv2dDf,3,2,2,3,t3_a2b2c3,0.0333333
Rmv2dDf,3,3,1,1,t3_a3b1c1,0.93
6SkvEBY,1,1,2,2,t1_a1b2c2,0.283333
6SkvEBY,1,2,2,2,t1_a2b2c2,0
6SkvEBY,1,3,1,2,t1_a3b1c2,0
6SkvEBY,1,2,3,3,t1_a2b3c3,0.25
6SkvEBY,1,2,1,1,t1_a2b1c1,0.363333
6SkvEBY,1,1,3,3,t1_a1b3c3,0.513333
6SkvEBY,1,3,3,3,t1_a3b3c3,0.246667
6SkvEBY,1,1,1,2,t1_a1b1c2,0.363333
6SkvEBY,1,2,1,3,t1_a2b1c3,0.463333
6SkvEBY,2,1,2,2,t2_a1b2c2,0.626667
6SkvEBY,2,2,2,2,t2_a2b2c2,0.256667
6SkvEBY,2,3,1,2,t2_a3b1c2,0.63
6SkvEBY,2,2,3,3,t2_a2b3c3,0.363333
6SkvEBY,2,2,1,1,t2_a2b1c1,0.59
6SkvEBY,2,1,3,3,t2_a1b3c3,0.33
6SkvEBY,2,3,3,3,t2_a3b3c3,0.283333
6SkvEBY,2,1,1,2,t2_a1b1c2,0.603333
6SkvEBY,2,2,1,3,t2_a2b1c3,0.626667
6SkvEBY,3,1,2,2,t3_a1b2c2,0.623333
6SkvEBY,3,2,2,2,t3_a2b2c2,0.646667
6SkvEBY,3,3,1,2,t3_a3b1c2,0.59
6SkvEBY,3,2,3,3,t3_a2b3c3,0.576667
6SkvEBY,3,2,1,1,t3_a2b1c1,1
6SkvEBY,3,1,3,3,t3_a1b3c3,0.316667
6SkvEBY,3,3,3,3,t3_a3b3c3,0.24
6SkvEBY,3,1,1,2,t3_a1b1c2,0.706667
6SkvEBY,3,2,1,3,t3_a2b1c3,0.6
axyMldt,1,1,2,2,t1_a1b2c2,1
axyMldt,1,2,2,2,t1_a2b2c2,0.568333
axyMldt,1,3,1,2,t1_a3b1c2,0
axyMldt,1,2,3,3,t1_a2b3c3,1
axyMldt,1,2,1,1,t1_a2b1c1,0
axyMldt,1,1,3,3,t1_a1b3c3,1
axyMldt,1,3,3,3,t1_a3b3c3,0.435
axyMldt,1,1,1,2,t1_a1b1c2,0.828333
axyMldt,1,2,1,3,t1_a2b1c3,0
axyMldt,2,1,2,2,t2_a1b2c2,0
axyMldt,2,2,2,2,t2_a2b2c2,0.608333
axyMldt,2,3,1,2,t2_a3b1c2,0
axyMldt,2,2,3,3,t2_a2b3c3,1
axyMldt,2,2,1,1,t2_a2b1c1,0.568333
axyMldt,2,1,3,3,t2_a1b3c3,0
axyMldt,2,3,3,3,t2_a3b3c3,0
axyMldt,2,1,1,2,t2_a1b1c2,0
axyMldt,2,2,1,3,t2_a2b1c3,1
axyMldt,3,1,2,2,t3_a1b2c2,1
axyMldt,3,2,2,2,t3_a2b2c2,0.401667
axyMldt,3,3,1,2,t3_a3b1c2,0.618333
axyMldt,3,2,3,3,t3_a2b3c3,0
axyMldt,3,2,1,1,t3_a2b1c1,1
axyMldt,3,1,3,3,t3_a1b3c3,0
axyMldt,3,3,3,3,t3_a3b3c3,1
axyMldt,3,1,1,2,t3_a1b1c2,0.318333
axyMldt,3,2,1,3,t3_a2b1c3,0.385
E82Sq1V,1,2,1,2,t1_a2b1c2,0.0383333
E82Sq1V,1,3,2,2,t1_a3b2c2,0.0316667
E82Sq1V,1,1,1,3,t1_a1b1c3,1
E82Sq1V,1,1,2,3,t1_a1b2c3,0
E82Sq1V,1,3,2,3,t1_a3b2c3,0
E82Sq1V,1,1,1,1,t1_a1b1c1,0.611667
E82Sq1V,1,3,1,3,t1_a3b1c3,0.135
E82Sq1V,1,2,2,3,t1_a2b2c3,0.765
E82Sq1V,1,3,1,1,t1_a3b1c1,0.0316667
E82Sq1V,2,2,1,2,t2_a2b1c2,0.781667
E82Sq1V,2,3,2,2,t2_a3b2c2,0
E82Sq1V,2,1,1,3,t2_a1b1c3,0.931667
E82Sq1V,2,1,2,3,t2_a1b2c3,0.121667
E82Sq1V,2,3,2,3,t2_a3b2c3,0.0683333
E82Sq1V,2,1,1,1,t2_a1b1c1,0.825
E82Sq1V,2,3,1,3,t2_a3b1c3,0.915
E82Sq1V,2,2,2,3,t2_a2b2c3,0.758333
E82Sq1V,2,3,1,1,t2_a3b1c1,0.125
E82Sq1V,3,2,1,2,t3_a2b1c2,0.625
E82Sq1V,3,3,2,2,t3_a3b2c2,0.821667
E82Sq1V,3,1,1,3,t3_a1b1c3,0.311667
E82Sq1V,3,1,2,3,t3_a1b2c3,0.158333
E82Sq1V,3,3,2,3,t3_a3b2c3,0.865
E82Sq1V,3,1,1,1,t3_a1b1c1,1
E82Sq1V,3,3,1,3,t3_a3b1c3,0.791667
E82Sq1V,3,2,2,3,t3_a2b2c3,0
E82Sq1V,3,3,1,1,t3_a3b1c1,1
LRSa171,1,1,2,2,t1_a1b2c2,1
LRSa171,1,2,2,2,t1_a2b2c2,0.575
LRSa171,1,3,1,2,t1_a3b1c2,0
LRSa171,1,2,3,3,t1_a2b3c3,1
LRSa171,1,2,1,1,t1_a2b1c1,0
LRSa171,1,1,3,3,t1_a1b3c3,1
LRSa171,1,3,3,3,t1_a3b3c3,0.0316667
LRSa171,1,1,1,2,t1_a1b1c2,1
LRSa171,1,2,1,3,t1_a2b1c3,0
LRSa171,2,1,2,2,t2_a1b2c2,0
LRSa171,2,2,2,2,t2_a2b2c2,0
LRSa171,2,3,1,2,t2_a3b1c2,0
LRSa171,2,2,3,3,t2_a2b3c3,1
LRSa171,2,2,1,1,t2_a2b1c1,1
LRSa171,2,1,3,3,t2_a1b3c3,0
LRSa171,2,3,3,3,t2_a3b3c3,0.565
LRSa171,2,1,1,2,t2_a1b1c2,0
LRSa171,2,2,1,3,t2_a2b1c3,1
LRSa171,3,1,2,2,t3_a1b2c2,1
LRSa171,3,2,2,2,t3_a2b2c2,1
LRSa171,3,3,1,2,t3_a3b1c2,1
LRSa171,3,2,3,3,t3_a2b3c3,0
LRSa171,3,2,1,1,t3_a2b1c1,1
LRSa171,3,1,3,3,t3_a1b3c3,0
LRSa171,3,3,3,3,t3_a3b3c3,0
LRSa171,3,1,1,2,t3_a1b1c2,0.478333
LRSa171,3,2,1,3,t3_a2b1c3,0
MA0IF57,1,2,1,2,t1_a2b1c2,0.0116667
MA0IF57,1,3,2,2,t1_a3b2c2,0.0883333
MA0IF57,1,1,1,3,t1_a1b1c3,0.971667
MA0IF57,1,1,2,3,t1_a1b2c3,0.945
MA0IF57,1,3,2,3,t1_a3b2c3,0.101667
MA0IF57,1,1,1,1,t1_a1b1c1,0.508333
MA0IF57,1,3,1,3,t1_a3b1c3,0.0183333
MA0IF57,1,2,2,3,t1_a2b2c3,0.025
MA0IF57,1,3,1,1,t1_a3b1c1,0.00833333
MA0IF57,2,2,1,2,t2_a2b1c2,0.498333
MA0IF57,2,3,2,2,t2_a3b2c2,0.035
MA0IF57,2,1,1,3,t2_a1b1c3,0.975
MA0IF57,2,1,2,3,t2_a1b2c3,0.0516667
MA0IF57,2,3,2,3,t2_a3b2c3,0.0316667
MA0IF57,2,1,1,1,t2_a1b1c1,0.538333
MA0IF57,2,3,1,3,t2_a3b1c3,0.0516667
MA0IF57,2,2,2,3,t2_a2b2c3,0.975
MA0IF57,2,3,1,1,t2_a3b1c1,0.0283333
MA0IF57,3,2,1,2,t3_a2b1c2,0.035
MA0IF57,3,3,2,2,t3_a3b2c2,0.928333
MA0IF57,3,1,1,3,t3_a1b1c3,0.035
MA0IF57,3,1,2,3,t3_a1b2c3,0.035
MA0IF57,3,3,2,3,t3_a3b2c3,0.978333
MA0IF57,3,1,1,1,t3_a1b1c1,0.958333
MA0IF57,3,3,1,3,t3_a3b1c3,0.518333
MA0IF57,3,2,2,3,t3_a2b2c3,0.035
MA0IF57,3,3,1,1,t3_a3b1c1,0.971667
SF3IwaA,1,2,1,2,t1_a2b1c2,0.0216667
SF3IwaA,1,3,2,2,t1_a3b2c2,0
SF3IwaA,1,1,1,3,t1_a1b1c3,0
SF3IwaA,1,1,2,3,t1_a1b2c3,0
SF3IwaA,1,3,2,3,t1_a3b2c3,0
SF3IwaA,1,1,1,1,t1_a1b1c1,0
SF3IwaA,1,3,1,3,t1_a3b1c3,0
SF3IwaA,1,2,2,3,t1_a2b2c3,0
SF3IwaA,1,3,1,1,t1_a3b1c1,0
SF3IwaA,2,2,1,2,t2_a2b1c2,0
SF3IwaA,2,3,2,2,t2_a3b2c2,0
SF3IwaA,2,1,1,3,t2_a1b1c3,1
SF3IwaA,2,1,2,3,t2_a1b2c3,0
SF3IwaA,2,3,2,3,t2_a3b2c3,0
SF3IwaA,2,1,1,1,t2_a1b1c1,0
SF3IwaA,2,3,1,3,t2_a3b1c3,0
SF3IwaA,2,2,2,3,t2_a2b2c3,0
SF3IwaA,2,3,1,1,t2_a3b1c1,1
SF3IwaA,3,2,1,2,t3_a2b1c2,1
SF3IwaA,3,3,2,2,t3_a3b2c2,1
SF3IwaA,3,1,1,3,t3_a1b1c3,0
SF3IwaA,3,1,2,3,t3_a1b2c3,0
SF3IwaA,3,3,2,3,t3_a3b2c3,1
SF3IwaA,3,1,1,1,t3_a1b1c1,1
SF3IwaA,3,3,1,3,t3_a3b1c3,1
SF3IwaA,3,2,2,3,t3_a2b2c3,1
SF3IwaA,3,3,1,1,t3_a3b1c1,1
Ih3LOge,1,2,1,2,t1_a2b1c2,0.00316671
Ih3LOge,1,3,2,2,t1_a3b2c2,0
Ih3LOge,1,1,1,3,t1_a1b1c3,0.649833
Ih3LOge,1,1,2,3,t1_a1b2c3,1
Ih3LOge,1,3,2,3,t1_a3b2c3,0.0198334
Ih3LOge,1,1,1,1,t1_a1b1c1,0.403167
Ih3LOge,1,3,1,3,t1_a3b1c3,0
Ih3LOge,1,2,2,3,t1_a2b2c3,0.663167
Ih3LOge,1,3,1,1,t1_a3b1c1,0
Ih3LOge,2,2,1,2,t2_a2b1c2,0.733167
Ih3LOge,2,3,2,2,t2_a3b2c2,0
Ih3LOge,2,1,1,3,t2_a1b1c3,0.793167
Ih3LOge,2,1,2,3,t2_a1b2c3,0
Ih3LOge,2,3,2,3,t2_a3b2c3,0.1465
Ih3LOge,2,1,1,1,t2_a1b1c1,0.799833
Ih3LOge,2,3,1,3,t2_a3b1c3,0.573167
Ih3LOge,2,2,2,3,t2_a2b2c3,0.673167
Ih3LOge,2,3,1,1,t2_a3b1c1,0.1965
Ih3LOge,3,2,1,2,t3_a2b1c2,0.7065
Ih3LOge,3,3,2,2,t3_a3b2c2,1
Ih3LOge,3,1,1,3,t3_a1b1c3,0
Ih3LOge,3,1,2,3,t3_a1b2c3,0
Ih3LOge,3,3,2,3,t3_a3b2c3,0.6865
Ih3LOge,3,1,1,1,t3_a1b1c1,0.979833
Ih3LOge,3,3,1,3,t3_a3b1c3,0.763167
Ih3LOge,3,2,2,3,t3_a2b2c3,0
Ih3LOge,3,3,1,1,t3_a3b1c1,1
7kOrmDo,1,2,1,2,t1_a2b1c2,0.173333
7kOrmDo,1,3,2,2,t1_a3b2c2,0.213333
7kOrmDo,1,1,1,3,t1_a1b1c3,0.36
7kOrmDo,1,1,2,3,t1_a1b2c3,0.74
7kOrmDo,1,3,2,3,t1_a3b2c3,0.14
7kOrmDo,1,1,1,1,t1_a1b1c1,0.253333
7kOrmDo,1,3,1,3,t1_a3b1c3,0.08
7kOrmDo,1,2,2,3,t1_a2b2c3,0.693333
7kOrmDo,1,3,1,1,t1_a3b1c1,0.18
7kOrmDo,2,2,1,2,t2_a2b1c2,0.346667
7kOrmDo,2,3,2,2,t2_a3b2c2,0.0733333
7kOrmDo,2,1,1,3,t2_a1b1c3,0.886667
7kOrmDo,2,1,2,3,t2_a1b2c3,0.106667
7kOrmDo,2,3,2,3,t2_a3b2c3,0.3
7kOrmDo,2,1,1,1,t2_a1b1c1,0.633333
7kOrmDo,2,3,1,3,t2_a3b1c3,0.76
7kOrmDo,2,2,2,3,t2_a2b2c3,0.613333
7kOrmDo,2,3,1,1,t2_a3b1c1,0.0866667
7kOrmDo,3,2,1,2,t3_a2b1c2,0.72
7kOrmDo,3,3,2,2,t3_a3b2c2,0.86
7kOrmDo,3,1,1,3,t3_a1b1c3,0.186667
7kOrmDo,3,1,2,3,t3_a1b2c3,0.14
7kOrmDo,3,3,2,3,t3_a3b2c3,0.753333
7kOrmDo,3,1,1,1,t3_a1b1c1,0.706667
7kOrmDo,3,3,1,3,t3_a3b1c3,0.773333
7kOrmDo,3,2,2,3,t3_a2b2c3,0.206667
7kOrmDo,3,3,1,1,t3_a3b1c1,0.9
cE5cXvQ,1,2,1,2,t1_a2b1c2,0
cE5cXvQ,1,3,2,2,t1_a3b2c2,0
cE5cXvQ,1,1,1,3,t1_a1b1c3,0.742667
cE5cXvQ,1,1,2,3,t1_a1b2c3,1
cE5cXvQ,1,3,2,3,t1_a3b2c3,0
cE5cXvQ,1,1,1,1,t1_a1b1c1,0.502667
cE5cXvQ,1,3,1,3,t1_a3b1c3,0
cE5cXvQ,1,2,2,3,t1_a2b2c3,0.769333
cE5cXvQ,1,3,1,1,t1_a3b1c1,0
cE5cXvQ,2,2,1,2,t2_a2b1c2,0.712667
cE5cXvQ,2,3,2,2,t2_a3b2c2,0
cE5cXvQ,2,1,1,3,t2_a1b1c3,1
cE5cXvQ,2,1,2,3,t2_a1b2c3,0
cE5cXvQ,2,3,2,3,t2_a3b2c3,0
cE5cXvQ,2,1,1,1,t2_a1b1c1,0.752667
cE5cXvQ,2,3,1,3,t2_a3b1c3,0.709333
cE5cXvQ,2,2,2,3,t2_a2b2c3,1
cE5cXvQ,2,3,1,1,t2_a3b1c1,0
cE5cXvQ,3,2,1,2,t3_a2b1c2,0.806
cE5cXvQ,3,3,2,2,t3_a3b2c2,1
cE5cXvQ,3,1,1,3,t3_a1b1c3,0
cE5cXvQ,3,1,2,3,t3_a1b2c3,0
cE5cXvQ,3,3,2,3,t3_a3b2c3,1
cE5cXvQ,3,1,1,1,t3_a1b1c1,1
cE5cXvQ,3,3,1,3,t3_a3b1c3,1
cE5cXvQ,3,2,2,3,t3_a2b2c3,0
cE5cXvQ,3,3,1,1,t3_a3b1c1,1
za1DTuc,1,2,1,2,t1_a2b1c2,0
za1DTuc,1,3,2,2,t1_a3b2c2,0
za1DTuc,1,1,1,3,t1_a1b1c3,1
za1DTuc,1,1,2,3,t1_a1b2c3,1
za1DTuc,1,3,2,3,t1_a3b2c3,0
za1DTuc,1,1,1,1,t1_a1b1c1,1
za1DTuc,1,3,1,3,t1_a3b1c3,0
za1DTuc,1,2,2,3,t1_a2b2c3,0
za1DTuc,1,3,1,1,t1_a3b1c1,0
za1DTuc,2,2,1,2,t2_a2b1c2,1
za1DTuc,2,3,2,2,t2_a3b2c2,0
za1DTuc,2,1,1,3,t2_a1b1c3,1
za1DTuc,2,1,2,3,t2_a1b2c3,1
za1DTuc,2,3,2,3,t2_a3b2c3,0
za1DTuc,2,1,1,1,t2_a1b1c1,1
za1DTuc,2,3,1,3,t2_a3b1c3,1
za1DTuc,2,2,2,3,t2_a2b2c3,1
za1DTuc,2,3,1,1,t2_a3b1c1,1
za1DTuc,3,2,1,2,t3_a2b1c2,1
za1DTuc,3,3,2,2,t3_a3b2c2,1
za1DTuc,3,1,1,3,t3_a1b1c3,1
za1DTuc,3,1,2,3,t3_a1b2c3,1
za1DTuc,3,3,2,3,t3_a3b2c3,1
za1DTuc,3,1,1,1,t3_a1b1c1,1
za1DTuc,3,3,1,3,t3_a3b1c3,1
za1DTuc,3,2,2,3,t3_a2b2c3,0
za1DTuc,3,3,1,1,t3_a3b1c1,1
6KF29L1,1,2,1,2,t1_a2b1c2,0
6KF29L1,1,3,2,2,t1_a3b2c2,0
6KF29L1,1,1,1,3,t1_a1b1c3,0.731667
6KF29L1,1,1,2,3,t1_a1b2c3,1
6KF29L1,1,3,2,3,t1_a3b2c3,0
6KF29L1,1,1,1,1,t1_a1b1c1,1
6KF29L1,1,3,1,3,t1_a3b1c3,0
6KF29L1,1,2,2,3,t1_a2b2c3,0.591667
6KF29L1,1,3,1,1,t1_a3b1c1,0
6KF29L1,2,2,1,2,t2_a2b1c2,1
6KF29L1,2,3,2,2,t2_a3b2c2,0
6KF29L1,2,1,1,3,t2_a1b1c3,1
6KF29L1,2,1,2,3,t2_a1b2c3,0
6KF29L1,2,3,2,3,t2_a3b2c3,0
6KF29L1,2,1,1,1,t2_a1b1c1,0
6KF29L1,2,3,1,3,t2_a3b1c3,0.638333
6KF29L1,2,2,2,3,t2_a2b2c3,1
6KF29L1,2,3,1,1,t2_a3b1c1,0
6KF29L1,3,2,1,2,t3_a2b1c2,0.658333
6KF29L1,3,3,2,2,t3_a3b2c2,1
6KF29L1,3,1,1,3,t3_a1b1c3,0
6KF29L1,3,1,2,3,t3_a1b2c3,0
6KF29L1,3,3,2,3,t3_a3b2c3,0.875
6KF29L1,3,1,1,1,t3_a1b1c1,1
6KF29L1,3,3,1,3,t3_a3b1c3,0.608333
6KF29L1,3,2,2,3,t3_a2b2c3,0.741667
6KF29L1,3,3,1,1,t3_a3b1c1,1
l97pIMj,1,1,2,2,t1_a1b2c2,1
l97pIMj,1,2,2,2,t1_a2b2c2,0
l97pIMj,1,3,1,2,t1_a3b1c2,0
l97pIMj,1,2,3,3,t1_a2b3c3,0.248333
l97pIMj,1,2,1,1,t1_a2b1c1,0
l97pIMj,1,1,3,3,t1_a1b3c3,1
l97pIMj,1,3,3,3,t1_a3b3c3,0.0183333
l97pIMj,1,1,1,2,t1_a1b1c2,0
l97pIMj,1,2,1,3,t1_a2b1c3,0
l97pIMj,2,1,2,2,t2_a1b2c2,0.0216667
l97pIMj,2,2,2,2,t2_a2b2c2,0
l97pIMj,2,3,1,2,t2_a3b1c2,0.215
l97pIMj,2,2,3,3,t2_a2b3c3,0
l97pIMj,2,2,1,1,t2_a2b1c1,0.995
l97pIMj,2,1,3,3,t2_a1b3c3,0
l97pIMj,2,3,3,3,t2_a3b3c3,0
l97pIMj,2,1,1,2,t2_a1b1c2,0
l97pIMj,2,2,1,3,t2_a2b1c3,0.261667
l97pIMj,3,1,2,2,t3_a1b2c2,1
l97pIMj,3,2,2,2,t3_a2b2c2,0.788333
l97pIMj,3,3,1,2,t3_a3b1c2,1
l97pIMj,3,2,3,3,t3_a2b3c3,0
l97pIMj,3,2,1,1,t3_a2b1c1,1
l97pIMj,3,1,3,3,t3_a1b3c3,0
l97pIMj,3,3,3,3,t3_a3b3c3,0
l97pIMj,3,1,1,2,t3_a1b1c2,0.618333
l97pIMj,3,2,1,3,t3_a2b1c3,0.178333
fdztWdK,1,2,1,2,t1_a2b1c2,0.531667
fdztWdK,1,3,2,2,t1_a3b2c2,0
fdztWdK,1,1,1,3,t1_a1b1c3,1
fdztWdK,1,1,2,3,t1_a1b2c3,1
fdztWdK,1,3,2,3,t1_a3b2c3,0
fdztWdK,1,1,1,1,t1_a1b1c1,0.245
fdztWdK,1,3,1,3,t1_a3b1c3,0
fdztWdK,1,2,2,3,t1_a2b2c3,0.818333
fdztWdK,1,3,1,1,t1_a3b1c1,0
fdztWdK,2,2,1,2,t2_a2b1c2,0.651667
fdztWdK,2,3,2,2,t2_a3b2c2,0
fdztWdK,2,1,1,3,t2_a1b1c3,1
fdztWdK,2,1,2,3,t2_a1b2c3,0.398333
fdztWdK,2,3,2,3,t2_a3b2c3,0
fdztWdK,2,1,1,1,t2_a1b1c1,0.678333
fdztWdK,2,3,1,3,t2_a3b1c3,0.791667
fdztWdK,2,2,2,3,t2_a2b2c3,0.685
fdztWdK,2,3,1,1,t2_a3b1c1,0
fdztWdK,3,2,1,2,t3_a2b1c2,0.505
fdztWdK,3,3,2,2,t3_a3b2c2,1
fdztWdK,3,1,1,3,t3_a1b1c3,0
fdztWdK,3,1,2,3,t3_a1b2c3,0.811667
fdztWdK,3,3,2,3,t3_a3b2c3,0.625
fdztWdK,3,1,1,1,t3_a1b1c1,1
fdztWdK,3,3,1,3,t3_a3b1c3,0.658333
fdztWdK,3,2,2,3,t3_a2b2c3,0.505
fdztWdK,3,3,1,1,t3_a3b1c1,1
0rf8Cxj,1,1,2,2,t1_a1b2c2,1
0rf8Cxj,1,2,2,2,t1_a2b2c2,1
0rf8Cxj,1,3,1,2,t1_a3b1c2,0
0rf8Cxj,1,2,3,3,t1_a2b3c3,1
0rf8Cxj,1,2,1,1,t1_a2b1c1,0
0rf8Cxj,1,1,3,3,t1_a1b3c3,1
0rf8Cxj,1,3,3,3,t1_a3b3c3,0
0rf8Cxj,1,1,1,2,t1_a1b1c2,1
0rf8Cxj,1,2,1,3,t1_a2b1c3,1
0rf8Cxj,2,1,2,2,t2_a1b2c2,0
0rf8Cxj,2,2,2,2,t2_a2b2c2,1
0rf8Cxj,2,3,1,2,t2_a3b1c2,0
0rf8Cxj,2,2,3,3,t2_a2b3c3,1
0rf8Cxj,2,2,1,1,t2_a2b1c1,1
0rf8Cxj,2,1,3,3,t2_a1b3c3,0.0183333
0rf8Cxj,2,3,3,3,t2_a3b3c3,0
0rf8Cxj,2,1,1,2,t2_a1b1c2,1
0rf8Cxj,2,2,1,3,t2_a2b1c3,1
0rf8Cxj,3,1,2,2,t3_a1b2c2,0
0rf8Cxj,3,2,2,2,t3_a2b2c2,0
0rf8Cxj,3,3,1,2,t3_a3b1c2,1
0rf8Cxj,3,2,3,3,t3_a2b3c3,0.0316667
0rf8Cxj,3,2,1,1,t3_a2b1c1,1
0rf8Cxj,3,1,3,3,t3_a1b3c3,0
0rf8Cxj,3,3,3,3,t3_a3b3c3,0.998333
0rf8Cxj,3,1,1,2,t3_a1b1c2,0.0283333
0rf8Cxj,3,2,1,3,t3_a2b1c3,0
kHPF2aE,1,2,1,2,t1_a2b1c2,0.296667
kHPF2aE,1,3,2,2,t1_a3b2c2,0.04
kHPF2aE,1,1,1,3,t1_a1b1c3,0.73
kHPF2aE,1,1,2,3,t1_a1b2c3,0.98
kHPF2aE,1,3,2,3,t1_a3b2c3,0.0666667
kHPF2aE,1,1,1,1,t1_a1b1c1,0.63
kHPF2aE,1,3,1,3,t1_a3b1c3,0.103333
kHPF2aE,1,2,2,3,t1_a2b2c3,0.7
kHPF2aE,1,3,1,1,t1_a3b1c1,0.0233333
kHPF2aE,2,2,1,2,t2_a2b1c2,0.29
kHPF2aE,2,3,2,2,t2_a3b2c2,0.116667
kHPF2aE,2,1,1,3,t2_a1b1c3,0.75
kHPF2aE,2,1,2,3,t2_a1b2c3,0.0833333
kHPF2aE,2,3,2,3,t2_a3b2c3,0.153333
kHPF2aE,2,1,1,1,t2_a1b1c1,0.66
kHPF2aE,2,3,1,3,t2_a3b1c3,0.113333
kHPF2aE,2,2,2,3,t2_a2b2c3,0.79
kHPF2aE,2,3,1,1,t2_a3b1c1,0.13
kHPF2aE,3,2,1,2,t3_a2b1c2,0.693333
kHPF2aE,3,3,2,2,t3_a3b2c2,0.763333
kHPF2aE,3,1,1,3,t3_a1b1c3,0.123333
kHPF2aE,3,1,2,3,t3_a1b2c3,0.38
kHPF2aE,3,3,2,3,t3_a3b2c3,0.62
kHPF2aE,3,1,1,1,t3_a1b1c1,0.953333
kHPF2aE,3,3,1,3,t3_a3b1c3,0.776667
kHPF2aE,3,2,2,3,t3_a2b2c3,0.31
kHPF2aE,3,3,1,1,t3_a3b1c1,1
UZSKfNP,1,2,1,2,t1_a2b1c2,0.0366667
UZSKfNP,1,3,2,2,t1_a3b2c2,0.0533333
UZSKfNP,1,1,1,3,t1_a1b1c3,0.946667
UZSKfNP,1,1,2,3,t1_a1b2c3,0.98
UZSKfNP,1,3,2,3,t1_a3b2c3,0.0433333
UZSKfNP,1,1,1,1,t1_a1b1c1,0.363333
UZSKfNP,1,3,1,3,t1_a3b1c3,0.0333333
UZSKfNP,1,2,2,3,t1_a2b2c3,0.54
UZSKfNP,1,3,1,1,t1_a3b1c1,0.0333333
UZSKfNP,2,2,1,2,t2_a2b1c2,0.93
UZSKfNP,2,3,2,2,t2_a3b2c2,0.0266667
UZSKfNP,2,1,1,3,t2_a1b1c3,0.97
UZSKfNP,2,1,2,3,t2_a1b2c3,0.0266667
UZSKfNP,2,3,2,3,t2_a3b2c3,0.05
UZSKfNP,2,1,1,1,t2_a1b1c1,0.966667
UZSKfNP,2,3,1,3,t2_a3b1c3,0.35
UZSKfNP,2,2,2,3,t2_a2b2c3,0.976667
UZSKfNP,2,3,1,1,t2_a3b1c1,0.05
UZSKfNP,3,2,1,2,t3_a2b1c2,0.706667
UZSKfNP,3,3,2,2,t3_a3b2c2,0.956667
UZSKfNP,3,1,1,3,t3_a1b1c3,0.0266667
UZSKfNP,3,1,2,3,t3_a1b2c3,0.04
UZSKfNP,3,3,2,3,t3_a3b2c3,0.723333
UZSKfNP,3,1,1,1,t3_a1b1c1,0.586667
UZSKfNP,3,3,1,3,t3_a3b1c3,0.836667
UZSKfNP,3,2,2,3,t3_a2b2c3,0.06
UZSKfNP,3,3,1,1,t3_a3b1c1,0.986667
bt0q3Pa,1,2,1,2,t1_a2b1c2,0.403391
bt0q3Pa,1,3,2,2,t1_a3b2c2,0.0233911
bt0q3Pa,1,1,1,3,t1_a1b1c3,1
bt0q3Pa,1,1,2,3,t1_a1b2c3,1
bt0q3Pa,1,3,2,3,t1_a3b2c3,0.116724
bt0q3Pa,1,1,1,1,t1_a1b1c1,0.576724
bt0q3Pa,1,3,1,3,t1_a3b1c3,0.0100578
bt0q3Pa,1,2,2,3,t1_a2b2c3,0.593391
bt0q3Pa,1,3,1,1,t1_a3b1c1,0.0200578
bt0q3Pa,2,2,1,2,t2_a2b1c2,0.633391
bt0q3Pa,2,3,2,2,t2_a3b2c2,0
bt0q3Pa,2,1,1,3,t2_a1b1c3,1
bt0q3Pa,2,1,2,3,t2_a1b2c3,0
bt0q3Pa,2,3,2,3,t2_a3b2c3,0.416724
bt0q3Pa,2,1,1,1,t2_a1b1c1,1
bt0q3Pa,2,3,1,3,t2_a3b1c3,0.620058
bt0q3Pa,2,2,2,3,t2_a2b2c3,0.643391
bt0q3Pa,2,3,1,1,t2_a3b1c1,0.0733911
bt0q3Pa,3,2,1,2,t3_a2b1c2,1
bt0q3Pa,3,3,2,2,t3_a3b2c2,1
bt0q3Pa,3,1,1,3,t3_a1b1c3,0
bt0q3Pa,3,1,2,3,t3_a1b2c3,0.340058
bt0q3Pa,3,3,2,3,t3_a3b2c3,0.823391
bt0q3Pa,3,1,1,1,t3_a1b1c1,1
bt0q3Pa,3,3,1,3,t3_a3b1c3,0.580058
bt0q3Pa,3,2,2,3,t3_a2b2c3,0.283391
bt0q3Pa,3,3,1,1,t3_a3b1c1,1
u6xcsOr,1,1,2,2,t1_a1b2c2,1
u6xcsOr,1,2,2,2,t1_a2b2c2,0.518333
u6xcsOr,1,3,1,2,t1_a3b1c2,0
u6xcsOr,1,2,3,3,t1_a2b3c3,1
u6xcsOr,1,2,1,1,t1_a2b1c1,0
u6xcsOr,1,1,3,3,t1_a1b3c3,1
u6xcsOr,1,3,3,3,t1_a3b3c3,0.495
u6xcsOr,1,1,1,2,t1_a1b1c2,1
u6xcsOr,1,2,1,3,t1_a2b1c3,0.258333
u6xcsOr,2,1,2,2,t2_a1b2c2,1
u6xcsOr,2,2,2,2,t2_a2b2c2,0.485
u6xcsOr,2,3,1,2,t2_a3b1c2,0.005
u6xcsOr,2,2,3,3,t2_a2b3c3,1
u6xcsOr,2,2,1,1,t2_a2b1c1,0
u6xcsOr,2,1,3,3,t2_a1b3c3,1
u6xcsOr,2,3,3,3,t2_a3b3c3,0
u6xcsOr,2,1,1,2,t2_a1b1c2,0.745
u6xcsOr,2,2,1,3,t2_a2b1c3,0.378333
u6xcsOr,3,1,2,2,t3_a1b2c2,1
u6xcsOr,3,2,2,2,t3_a2b2c2,0.478333
u6xcsOr,3,3,1,2,t3_a3b1c2,0
u6xcsOr,3,2,3,3,t3_a2b3c3,0.851667
u6xcsOr,3,2,1,1,t3_a2b1c1,0
u6xcsOr,3,1,3,3,t3_a1b3c3,1
u6xcsOr,3,3,3,3,t3_a3b3c3,1
u6xcsOr,3,1,1,2,t3_a1b1c2,1
u6xcsOr,3,2,1,3,t3_a2b1c3,0.681667
i8AK935,1,1,2,2,t1_a1b2c2,0.98
i8AK935,1,2,2,2,t1_a2b2c2,0.953333
i8AK935,1,3,1,2,t1_a3b1c2,0.06
i8AK935,1,2,3,3,t1_a2b3c3,0.973333
i8AK935,1,2,1,1,t1_a2b1c1,0.126667
i8AK935,1,1,3,3,t1_a1b3c3,0.993333
i8AK935,1,3,3,3,t1_a3b3c3,0.0166667
i8AK935,1,1,1,2,t1_a1b1c2,1
i8AK935,1,2,1,3,t1_a2b1c3,0.06
i8AK935,2,1,2,2,t2_a1b2c2,0.926667
i8AK935,2,2,2,2,t2_a2b2c2,0.906667
i8AK935,2,3,1,2,t2_a3b1c2,0.00666667
i8AK935,2,2,3,3,t2_a2b3c3,1
i8AK935,2,2,1,1,t2_a2b1c1,0.96
i8AK935,2,1,3,3,t2_a1b3c3,0.0833333
i8AK935,2,3,3,3,t2_a3b3c3,0.973333
i8AK935,2,1,1,2,t2_a1b1c2,0.03
i8AK935,2,2,1,3,t2_a2b1c3,0.966667
i8AK935,3,1,2,2,t3_a1b2c2,0.786667
i8AK935,3,2,2,2,t3_a2b2c2,0.12
i8AK935,3,3,1,2,t3_a3b1c2,0.02
i8AK935,3,2,3,3,t3_a2b3c3,0.0133333
i8AK935,3,2,1,1,t3_a2b1c1,0.953333
i8AK935,3,1,3,3,t3_a1b3c3,0.0833333
i8AK935,3,3,3,3,t3_a3b3c3,0.886667
i8AK935,3,1,1,2,t3_a1b1c2,0.976667
i8AK935,3,2,1,3,t3_a2b1c3,0.0466667
GM8yKed,1,2,1,2,t1_a2b1c2,0.0416667
GM8yKed,1,3,2,2,t1_a3b2c2,0.0816667
GM8yKed,1,1,1,3,t1_a1b1c3,0.958333
GM8yKed,1,1,2,3,t1_a1b2c3,0.955
GM8yKed,1,3,2,3,t1_a3b2c3,0.101667
GM8yKed,1,1,1,1,t1_a1b1c1,0.931667
GM8yKed,1,3,1,3,t1_a3b1c3,0.085
GM8yKed,1,2,2,3,t1_a2b2c3,0.0183333
GM8yKed,1,3,1,1,t1_a3b1c1,0.045
GM8yKed,2,2,1,2,t2_a2b1c2,0.958333
GM8yKed,2,3,2,2,t2_a3b2c2,0.075
GM8yKed,2,1,1,3,t2_a1b1c3,0.948333
GM8yKed,2,1,2,3,t2_a1b2c3,0.0783333
GM8yKed,2,3,2,3,t2_a3b2c3,0.025
GM8yKed,2,1,1,1,t2_a1b1c1,0.948333
GM8yKed,2,3,1,3,t2_a3b1c3,0.0383333
GM8yKed,2,2,2,3,t2_a2b2c3,0.915
GM8yKed,2,3,1,1,t2_a3b1c1,0.951667
GM8yKed,3,2,1,2,t3_a2b1c2,0.965
GM8yKed,3,3,2,2,t3_a3b2c2,1
GM8yKed,3,1,1,3,t3_a1b1c3,0.0416667
GM8yKed,3,1,2,3,t3_a1b2c3,0.105
GM8yKed,3,3,2,3,t3_a3b2c3,0.995
GM8yKed,3,1,1,1,t3_a1b1c1,0.0616667
GM8yKed,3,3,1,3,t3_a3b1c3,0.931667
GM8yKed,3,2,2,3,t3_a2b2c3,0.145
GM8yKed,3,3,1,1,t3_a3b1c1,0.925
baTORsQ,1,2,1,2,t1_a2b1c2,0
baTORsQ,1,3,2,2,t1_a3b2c2,0
baTORsQ,1,1,1,3,t1_a1b1c3,1
baTORsQ,1,1,2,3,t1_a1b2c3,1
baTORsQ,1,3,2,3,t1_a3b2c3,0
baTORsQ,1,1,1,1,t1_a1b1c1,0.238333
baTORsQ,1,3,1,3,t1_a3b1c3,0
baTORsQ,1,2,2,3,t1_a2b2c3,0.498333
baTORsQ,1,3,1,1,t1_a3b1c1,0.045
baTORsQ,2,2,1,2,t2_a2b1c2,0.671667
baTORsQ,2,3,2,2,t2_a3b2c2,0
baTORsQ,2,1,1,3,t2_a1b1c3,1
baTORsQ,2,1,2,3,t2_a1b2c3,0
baTORsQ,2,3,2,3,t2_a3b2c3,0.025
baTORsQ,2,1,1,1,t2_a1b1c1,0.858333
baTORsQ,2,3,1,3,t2_a3b1c3,0.325
baTORsQ,2,2,2,3,t2_a2b2c3,0.718333
baTORsQ,2,3,1,1,t2_a3b1c1,0
baTORsQ,3,2,1,2,t3_a2b1c2,0.745
baTORsQ,3,3,2,2,t3_a3b2c2,1
baTORsQ,3,1,1,3,t3_a1b1c3,0.005
baTORsQ,3,1,2,3,t3_a1b2c3,1
baTORsQ,3,3,2,3,t3_a3b2c3,0.778333
baTORsQ,3,1,1,1,t3_a1b1c1,1
baTORsQ,3,3,1,3,t3_a3b1c3,0.765
baTORsQ,3,2,2,3,t3_a2b2c3,0
baTORsQ,3,3,1,1,t3_a3b1c1,1
2XM88J1,1,2,1,2,t1_a2b1c2,0
2XM88J1,1,3,2,2,t1_a3b2c2,0.04
2XM88J1,1,1,1,3,t1_a1b1c3,0.963333
2XM88J1,1,1,2,3,t1_a1b2c3,1
2XM88J1,1,3,2,3,t1_a3b2c3,0
2XM88J1,1,1,1,1,t1_a1b1c1,0.44
2XM88J1,1,3,1,3,t1_a3b1c3,0
2XM88J1,1,2,2,3,t1_a2b2c3,0.00333333
2XM88J1,1,3,1,1,t1_a3b1c1,0.00666667
2XM88J1,2,2,1,2,t2_a2b1c2,1
2XM88J1,2,3,2,2,t2_a3b2c2,0
2XM88J1,2,1,1,3,t2_a1b1c3,1
2XM88J1,2,1,2,3,t2_a1b2c3,0
2XM88J1,2,3,2,3,t2_a3b2c3,0.0566667
2XM88J1,2,1,1,1,t2_a1b1c1,0.493333
2XM88J1,2,3,1,3,t2_a3b1c3,0
2XM88J1,2,2,2,3,t2_a2b2c3,0.98
2XM88J1,2,3,1,1,t2_a3b1c1,0
2XM88J1,3,2,1,2,t3_a2b1c2,0.516667
2XM88J1,3,3,2,2,t3_a3b2c2,0.98
2XM88J1,3,1,1,3,t3_a1b1c3,0
2XM88J1,3,1,2,3,t3_a1b2c3,0.0333333
2XM88J1,3,3,2,3,t3_a3b2c3,0.486667
2XM88J1,3,1,1,1,t3_a1b1c1,0.526667
2XM88J1,3,3,1,3,t3_a3b1c3,0.553333
2XM88J1,3,2,2,3,t3_a2b2c3,0.04
2XM88J1,3,3,1,1,t3_a3b1c1,0.953333
9ExHYE1,1,1,2,2,t1_a1b2c2,1
9ExHYE1,1,2,2,2,t1_a2b2c2,0.755
9ExHYE1,1,3,1,2,t1_a3b1c2,0
9ExHYE1,1,2,3,3,t1_a2b3c3,1
9ExHYE1,1,2,1,1,t1_a2b1c1,0
9ExHYE1,1,1,3,3,t1_a1b3c3,1
9ExHYE1,1,3,3,3,t1_a3b3c3,0.625
9ExHYE1,1,1,1,2,t1_a1b1c2,1
9ExHYE1,1,2,1,3,t1_a2b1c3,0
9ExHYE1,2,1,2,2,t2_a1b2c2,0.0116667
9ExHYE1,2,2,2,2,t2_a2b2c2,0.718333
9ExHYE1,2,3,1,2,t2_a3b1c2,0
9ExHYE1,2,2,3,3,t2_a2b3c3,1
9ExHYE1,2,2,1,1,t2_a2b1c1,1
9ExHYE1,2,1,3,3,t2_a1b3c3,0
9ExHYE1,2,3,3,3,t2_a3b3c3,0.898333
9ExHYE1,2,1,1,2,t2_a1b1c2,0.121667
9ExHYE1,2,2,1,3,t2_a2b1c3,1
9ExHYE1,3,1,2,2,t3_a1b2c2,1
9ExHYE1,3,2,2,2,t3_a2b2c2,0.728333
9ExHYE1,3,3,1,2,t3_a3b1c2,1
9ExHYE1,3,2,3,3,t3_a2b3c3,0
9ExHYE1,3,2,1,1,t3_a2b1c1,1
9ExHYE1,3,1,3,3,t3_a1b3c3,0
9ExHYE1,3,3,3,3,t3_a3b3c3,0.218333
9ExHYE1,3,1,1,2,t3_a1b1c2,1
9ExHYE1,3,2,1,3,t3_a2b1c3,0
8CB2uFJ,1,2,1,2,t1_a2b1c2,0
8CB2uFJ,1,3,2,2,t1_a3b2c2,0
8CB2uFJ,1,1,1,3,t1_a1b1c3,1
8CB2uFJ,1,1,2,3,t1_a1b2c3,1
8CB2uFJ,1,3,2,3,t1_a3b2c3,0
8CB2uFJ,1,1,1,1,t1_a1b1c1,1
8CB2uFJ,1,3,1,3,t1_a3b1c3,0
8CB2uFJ,1,2,2,3,t1_a2b2c3,1
8CB2uFJ,1,3,1,1,t1_a3b1c1,0
8CB2uFJ,2,2,1,2,t2_a2b1c2,1
8CB2uFJ,2,3,2,2,t2_a3b2c2,0
8CB2uFJ,2,1,1,3,t2_a1b1c3,1
8CB2uFJ,2,1,2,3,t2_a1b2c3,0
8CB2uFJ,2,3,2,3,t2_a3b2c3,0
8CB2uFJ,2,1,1,1,t2_a1b1c1,0
8CB2uFJ,2,3,1,3,t2_a3b1c3,1
8CB2uFJ,2,2,2,3,t2_a2b2c3,1
8CB2uFJ,2,3,1,1,t2_a3b1c1,0
8CB2uFJ,3,2,1,2,t3_a2b1c2,0.991667
8CB2uFJ,3,3,2,2,t3_a3b2c2,1
8CB2uFJ,3,1,1,3,t3_a1b1c3,0
8CB2uFJ,3,1,2,3,t3_a1b2c3,1
8CB2uFJ,3,3,2,3,t3_a3b2c3,1
8CB2uFJ,3,1,1,1,t3_a1b1c1,1
8CB2uFJ,3,3,1,3,t3_a3b1c3,1
8CB2uFJ,3,2,2,3,t3_a2b2c3,0
8CB2uFJ,3,3,1,1,t3_a3b1c1,1
mjJk6dJ,1,1,2,2,t1_a1b2c2,1
mjJk6dJ,1,2,2,2,t1_a2b2c2,1
mjJk6dJ,1,3,1,2,t1_a3b1c2,0.025
mjJk6dJ,1,2,3,3,t1_a2b3c3,1
mjJk6dJ,1,2,1,1,t1_a2b1c1,0
mjJk6dJ,1,1,3,3,t1_a1b3c3,1
mjJk6dJ,1,3,3,3,t1_a3b3c3,1
mjJk6dJ,1,1,1,2,t1_a1b1c2,0.935
mjJk6dJ,1,2,1,3,t1_a2b1c3,0
mjJk6dJ,2,1,2,2,t2_a1b2c2,0
mjJk6dJ,2,2,2,2,t2_a2b2c2,1
mjJk6dJ,2,3,1,2,t2_a3b1c2,0
mjJk6dJ,2,2,3,3,t2_a2b3c3,1
mjJk6dJ,2,2,1,1,t2_a2b1c1,1
mjJk6dJ,2,1,3,3,t2_a1b3c3,0
mjJk6dJ,2,3,3,3,t2_a3b3c3,0.795
mjJk6dJ,2,1,1,2,t2_a1b1c2,0
mjJk6dJ,2,2,1,3,t2_a2b1c3,1
mjJk6dJ,3,1,2,2,t3_a1b2c2,0.978333
mjJk6dJ,3,2,2,2,t3_a2b2c2,0.755
mjJk6dJ,3,3,1,2,t3_a3b1c2,1
mjJk6dJ,3,2,3,3,t3_a2b3c3,0
mjJk6dJ,3,2,1,1,t3_a2b1c1,1
mjJk6dJ,3,1,3,3,t3_a1b3c3,0
mjJk6dJ,3,3,3,3,t3_a3b3c3,1
mjJk6dJ,3,1,1,2,t3_a1b1c2,1
mjJk6dJ,3,2,1,3,t3_a2b1c3,0
C2dm1E4,1,2,1,2,t1_a2b1c2,0.06
C2dm1E4,1,3,2,2,t1_a3b2c2,0.04
C2dm1E4,1,1,1,3,t1_a1b1c3,0.9
C2dm1E4,1,1,2,3,t1_a1b2c3,0.953333
C2dm1E4,1,3,2,3,t1_a3b2c3,0.0733333
C2dm1E4,1,1,1,1,t1_a1b1c1,0.84
C2dm1E4,1,3,1,3,t1_a3b1c3,0.0166667
C2dm1E4,1,2,2,3,t1_a2b2c3,0.146667
C2dm1E4,1,3,1,1,t1_a3b1c1,0.02
C2dm1E4,2,2,1,2,t2_a2b1c2,0.08
C2dm1E4,2,3,2,2,t2_a3b2c2,0.03
C2dm1E4,2,1,1,3,t2_a1b1c3,0.97
C2dm1E4,2,1,2,3,t2_a1b2c3,0.97
C2dm1E4,2,3,2,3,t2_a3b2c3,0.0866667
C2dm1E4,2,1,1,1,t2_a1b1c1,0.48
C2dm1E4,2,3,1,3,t2_a3b1c3,0.05
C2dm1E4,2,2,2,3,t2_a2b2c3,0.08
C2dm1E4,2,3,1,1,t2_a3b1c1,0.05
C2dm1E4,3,2,1,2,t3_a2b1c2,0.00666667
C2dm1E4,3,3,2,2,t3_a3b2c2,0.0133333
C2dm1E4,3,1,1,3,t3_a1b1c3,0.94
C2dm1E4,3,1,2,3,t3_a1b2c3,0.933333
C2dm1E4,3,3,2,3,t3_a3b2c3,0.0833333
C2dm1E4,3,1,1,1,t3_a1b1c1,0.926667
C2dm1E4,3,3,1,3,t3_a3b1c3,0.0133333
C2dm1E4,3,2,2,3,t3_a2b2c3,0.0233333
C2dm1E4,3,3,1,1,t3_a3b1c1,0.00666667
PChtsDe,1,1,2,2,t1_a1b2c2,1
PChtsDe,1,2,2,2,t1_a2b2c2,0.751667
PChtsDe,1,3,1,2,t1_a3b1c2,0
PChtsDe,1,2,3,3,t1_a2b3c3,1
PChtsDe,1,2,1,1,t1_a2b1c1,0
PChtsDe,1,1,3,3,t1_a1b3c3,1
PChtsDe,1,3,3,3,t1_a3b3c3,0.748333
PChtsDe,1,1,1,2,t1_a1b1c2,1
PChtsDe,1,2,1,3,t1_a2b1c3,0
PChtsDe,2,1,2,2,t2_a1b2c2,0
PChtsDe,2,2,2,2,t2_a2b2c2,0.871667
PChtsDe,2,3,1,2,t2_a3b1c2,0
PChtsDe,2,2,3,3,t2_a2b3c3,1
PChtsDe,2,2,1,1,t2_a2b1c1,0.665
PChtsDe,2,1,3,3,t2_a1b3c3,0.211667
PChtsDe,2,3,3,3,t2_a3b3c3,0.851667
PChtsDe,2,1,1,2,t2_a1b1c2,1
PChtsDe,2,2,1,3,t2_a2b1c3,1
PChtsDe,3,1,2,2,t3_a1b2c2,1
PChtsDe,3,2,2,2,t3_a2b2c2,0.825
PChtsDe,3,3,1,2,t3_a3b1c2,0.781667
PChtsDe,3,2,3,3,t3_a2b3c3,0
PChtsDe,3,2,1,1,t3_a2b1c1,1
PChtsDe,3,1,3,3,t3_a1b3c3,0
PChtsDe,3,3,3,3,t3_a3b3c3,0.551667
PChtsDe,3,1,1,2,t3_a1b1c2,1
PChtsDe,3,2,1,3,t3_a2b1c3,0.835
ewYCe1k,1,1,2,2,t1_a1b2c2,0.826667
ewYCe1k,1,2,2,2,t1_a2b2c2,0.113333
ewYCe1k,1,3,1,2,t1_a3b1c2,0.0833333
ewYCe1k,1,2,3,3,t1_a2b3c3,0.933333
ewYCe1k,1,2,1,1,t1_a2b1c1,0.0966667
ewYCe1k,1,1,3,3,t1_a1b3c3,0.81
ewYCe1k,1,3,3,3,t1_a3b3c3,0.58
ewYCe1k,1,1,1,2,t1_a1b1c2,0.873333
ewYCe1k,1,2,1,3,t1_a2b1c3,0.113333
ewYCe1k,2,1,2,2,t2_a1b2c2,0.0666667
ewYCe1k,2,2,2,2,t2_a2b2c2,0.663333
ewYCe1k,2,3,1,2,t2_a3b1c2,0.116667
ewYCe1k,2,2,3,3,t2_a2b3c3,0.866667
ewYCe1k,2,2,1,1,t2_a2b1c1,0.736667
ewYCe1k,2,1,3,3,t2_a1b3c3,0.176667
ewYCe1k,2,3,3,3,t2_a3b3c3,0.77
ewYCe1k,2,1,1,2,t2_a1b1c2,0.123333
ewYCe1k,2,2,1,3,t2_a2b1c3,0.82
ewYCe1k,3,1,2,2,t3_a1b2c2,0.0766667
ewYCe1k,3,2,2,2,t3_a2b2c2,0.763333
ewYCe1k,3,3,1,2,t3_a3b1c2,0.836667
ewYCe1k,3,2,3,3,t3_a2b3c3,0.06
ewYCe1k,3,2,1,1,t3_a2b1c1,0.846667
ewYCe1k,3,1,3,3,t3_a1b3c3,0.0833333
ewYCe1k,3,3,3,3,t3_a3b3c3,0.88
ewYCe1k,3,1,1,2,t3_a1b1c2,0.9
ewYCe1k,3,2,1,3,t3_a2b1c3,0.823333
rMn4a0I,1,2,1,2,t1_a2b1c2,0.943333
rMn4a0I,1,3,2,2,t1_a3b2c2,0.95
rMn4a0I,1,1,1,3,t1_a1b1c3,0.966667
rMn4a0I,1,1,2,3,t1_a1b2c3,0.923333
rMn4a0I,1,3,2,3,t1_a3b2c3,0.95
rMn4a0I,1,1,1,1,t1_a1b1c1,0.966667
rMn4a0I,1,3,1,3,t1_a3b1c3,0.92
rMn4a0I,1,2,2,3,t1_a2b2c3,0.93
rMn4a0I,1,3,1,1,t1_a3b1c1,0.953333
rMn4a0I,2,2,1,2,t2_a2b1c2,0.976667
rMn4a0I,2,3,2,2,t2_a3b2c2,0.926667
rMn4a0I,2,1,1,3,t2_a1b1c3,0.0566667
rMn4a0I,2,1,2,3,t2_a1b2c3,0.03
rMn4a0I,2,3,2,3,t2_a3b2c3,0.95
rMn4a0I,2,1,1,1,t2_a1b1c1,0.03
rMn4a0I,2,3,1,3,t2_a3b1c3,0.973333
rMn4a0I,2,2,2,3,t2_a2b2c3,0.92
rMn4a0I,2,3,1,1,t2_a3b1c1,0.976667
rMn4a0I,3,2,1,2,t3_a2b1c2,0.0633333
rMn4a0I,3,3,2,2,t3_a3b2c2,0.966667
rMn4a0I,3,1,1,3,t3_a1b1c3,0.07
rMn4a0I,3,1,2,3,t3_a1b2c3,0.0533333
rMn4a0I,3,3,2,3,t3_a3b2c3,0.99
rMn4a0I,3,1,1,1,t3_a1b1c1,0.03
rMn4a0I,3,3,1,3,t3_a3b1c3,0.94
rMn4a0I,3,2,2,3,t3_a2b2c3,0.00333333
rMn4a0I,3,3,1,1,t3_a3b1c1,0.966667
7rdzHJ5,1,2,1,2,t1_a2b1c2,0.361667
7rdzHJ5,1,3,2,2,t1_a3b2c2,0
7rdzHJ5,1,1,1,3,t1_a1b1c3,1
7rdzHJ5,1,1,2,3,t1_a1b2c3,1
7rdzHJ5,1,3,2,3,t1_a3b2c3,0
7rdzHJ5,1,1,1,1,t1_a1b1c1,1
7rdzHJ5,1,3,1,3,t1_a3b1c3,0
7rdzHJ5,1,2,2,3,t1_a2b2c3,1
7rdzHJ5,1,3,1,1,t1_a3b1c1,0
7rdzHJ5,2,2,1,2,t2_a2b1c2,1
7rdzHJ5,2,3,2,2,t2_a3b2c2,0
7rdzHJ5,2,1,1,3,t2_a1b1c3,1
7rdzHJ5,2,1,2,3,t2_a1b2c3,0
7rdzHJ5,2,3,2,3,t2_a3b2c3,0
7rdzHJ5,2,1,1,1,t2_a1b1c1,0.515
7rdzHJ5,2,3,1,3,t2_a3b1c3,0.351667
7rdzHJ5,2,2,2,3,t2_a2b2c3,0.758333
7rdzHJ5,2,3,1,1,t2_a3b1c1,0
7rdzHJ5,3,2,1,2,t3_a2b1c2,1
7rdzHJ5,3,3,2,2,t3_a3b2c2,1
7rdzHJ5,3,1,1,3,t3_a1b1c3,0
7rdzHJ5,3,1,2,3,t3_a1b2c3,1
7rdzHJ5,3,3,2,3,t3_a3b2c3,1
7rdzHJ5,3,1,1,1,t3_a1b1c1,1
7rdzHJ5,3,3,1,3,t3_a3b1c3,0.768333
7rdzHJ5,3,2,2,3,t3_a2b2c3,0.508333
7rdzHJ5,3,3,1,1,t3_a3b1c1,0.508333
gTFVCzZ,1,1,2,2,t1_a1b2c2,1
gTFVCzZ,1,2,2,2,t1_a2b2c2,0
gTFVCzZ,1,3,1,2,t1_a3b1c2,0
gTFVCzZ,1,2,3,3,t1_a2b3c3,1
gTFVCzZ,1,2,1,1,t1_a2b1c1,0
gTFVCzZ,1,1,3,3,t1_a1b3c3,1
gTFVCzZ,1,3,3,3,t1_a3b3c3,0
gTFVCzZ,1,1,1,2,t1_a1b1c2,1
gTFVCzZ,1,2,1,3,t1_a2b1c3,0
gTFVCzZ,2,1,2,2,t2_a1b2c2,0
gTFVCzZ,2,2,2,2,t2_a2b2c2,0.668333
gTFVCzZ,2,3,1,2,t2_a3b1c2,0
gTFVCzZ,2,2,3,3,t2_a2b3c3,1
gTFVCzZ,2,2,1,1,t2_a2b1c1,1
gTFVCzZ,2,1,3,3,t2_a1b3c3,0
gTFVCzZ,2,3,3,3,t2_a3b3c3,0
gTFVCzZ,2,1,1,2,t2_a1b1c2,0
gTFVCzZ,2,2,1,3,t2_a2b1c3,1
gTFVCzZ,3,1,2,2,t3_a1b2c2,1
gTFVCzZ,3,2,2,2,t3_a2b2c2,1
gTFVCzZ,3,3,1,2,t3_a3b1c2,1
gTFVCzZ,3,2,3,3,t3_a2b3c3,0
gTFVCzZ,3,2,1,1,t3_a2b1c1,1
gTFVCzZ,3,1,3,3,t3_a1b3c3,0
gTFVCzZ,3,3,3,3,t3_a3b3c3,1
gTFVCzZ,3,1,1,2,t3_a1b1c2,1
gTFVCzZ,3,2,1,3,t3_a2b1c3,0
WT1N0yL,1,2,1,2,t1_a2b1c2,0
WT1N0yL,1,3,2,2,t1_a3b2c2,0.0433333
WT1N0yL,1,1,1,3,t1_a1b1c3,0.00666667
WT1N0yL,1,1,2,3,t1_a1b2c3,0.0233333
WT1N0yL,1,3,2,3,t1_a3b2c3,0.0166667
WT1N0yL,1,1,1,1,t1_a1b1c1,0.0166667
WT1N0yL,1,3,1,3,t1_a3b1c3,0.0333333
WT1N0yL,1,2,2,3,t1_a2b2c3,0.04
WT1N0yL,1,3,1,1,t1_a3b1c1,0.0366667
WT1N0yL,2,2,1,2,t2_a2b1c2,0.946667
WT1N0yL,2,3,2,2,t2_a3b2c2,0.0133333
WT1N0yL,2,1,1,3,t2_a1b1c3,0.966667
WT1N0yL,2,1,2,3,t2_a1b2c3,0.0133333
WT1N0yL,2,3,2,3,t2_a3b2c3,0.0166667
WT1N0yL,2,1,1,1,t2_a1b1c1,0.986667
WT1N0yL,2,3,1,3,t2_a3b1c3,1
WT1N0yL,2,2,2,3,t2_a2b2c3,0.0233333
WT1N0yL,2,3,1,1,t2_a3b1c1,0.956667
WT1N0yL,3,2,1,2,t3_a2b1c2,0.99
WT1N0yL,3,3,2,2,t3_a3b2c2,0.94
WT1N0yL,3,1,1,3,t3_a1b1c3,1
WT1N0yL,3,1,2,3,t3_a1b2c3,0.953333
WT1N0yL,3,3,2,3,t3_a3b2c3,1
WT1N0yL,3,1,1,1,t3_a1b1c1,1
WT1N0yL,3,3,1,3,t3_a3b1c3,0.95
WT1N0yL,3,2,2,3,t3_a2b2c3,0.956667
WT1N0yL,3,3,1,1,t3_a3b1c1,0.973333
JM77pE3,1,2,1,2,t1_a2b1c2,0.0733333
JM77pE3,1,3,2,2,t1_a3b2c2,0
JM77pE3,1,1,1,3,t1_a1b1c3,0.96
JM77pE3,1,1,2,3,t1_a1b2c3,1
JM77pE3,1,3,2,3,t1_a3b2c3,0
JM77pE3,1,1,1,1,t1_a1b1c1,0.98
JM77pE3,1,3,1,3,t1_a3b1c3,0
JM77pE3,1,2,2,3,t1_a2b2c3,0.0166667
JM77pE3,1,3,1,1,t1_a3b1c1,0.0166667
JM77pE3,2,2,1,2,t2_a2b1c2,1
JM77pE3,2,3,2,2,t2_a3b2c2,0
JM77pE3,2,1,1,3,t2_a1b1c3,0.856667
JM77pE3,2,1,2,3,t2_a1b2c3,0
JM77pE3,2,3,2,3,t2_a3b2c3,0.08
JM77pE3,2,1,1,1,t2_a1b1c1,1
JM77pE3,2,3,1,3,t2_a3b1c3,0.14
JM77pE3,2,2,2,3,t2_a2b2c3,1
JM77pE3,2,3,1,1,t2_a3b1c1,1
JM77pE3,3,2,1,2,t3_a2b1c2,1
JM77pE3,3,3,2,2,t3_a3b2c2,1
JM77pE3,3,1,1,3,t3_a1b1c3,0
JM77pE3,3,1,2,3,t3_a1b2c3,0.786667
JM77pE3,3,3,2,3,t3_a3b2c3,0.983333
JM77pE3,3,1,1,1,t3_a1b1c1,1
JM77pE3,3,3,1,3,t3_a3b1c3,1
JM77pE3,3,2,2,3,t3_a2b2c3,0.24
JM77pE3,3,3,1,1,t3_a3b1c1,1
Wmwjm2z,1,1,2,2,t1_a1b2c2,1
Wmwjm2z,1,2,2,2,t1_a2b2c2,0.631667
Wmwjm2z,1,3,1,2,t1_a3b1c2,0
Wmwjm2z,1,2,3,3,t1_a2b3c3,1
Wmwjm2z,1,2,1,1,t1_a2b1c1,0
Wmwjm2z,1,1,3,3,t1_a1b3c3,0
Wmwjm2z,1,3,3,3,t1_a3b3c3,0.748333
Wmwjm2z,1,1,1,2,t1_a1b1c2,0.998333
Wmwjm2z,1,2,1,3,t1_a2b1c3,0
Wmwjm2z,2,1,2,2,t2_a1b2c2,0
Wmwjm2z,2,2,2,2,t2_a2b2c2,1
Wmwjm2z,2,3,1,2,t2_a3b1c2,0
Wmwjm2z,2,2,3,3,t2_a2b3c3,0
Wmwjm2z,2,2,1,1,t2_a2b1c1,1
Wmwjm2z,2,1,3,3,t2_a1b3c3,0
Wmwjm2z,2,3,3,3,t2_a3b3c3,0.741667
Wmwjm2z,2,1,1,2,t2_a1b1c2,0.998333
Wmwjm2z,2,2,1,3,t2_a2b1c3,0.901667
Wmwjm2z,3,1,2,2,t3_a1b2c2,0.801667
Wmwjm2z,3,2,2,2,t3_a2b2c2,0.565
Wmwjm2z,3,3,1,2,t3_a3b1c2,1
Wmwjm2z,3,2,3,3,t3_a2b3c3,0
Wmwjm2z,3,2,1,1,t3_a2b1c1,1
Wmwjm2z,3,1,3,3,t3_a1b3c3,0
Wmwjm2z,3,3,3,3,t3_a3b3c3,1
Wmwjm2z,3,1,1,2,t3_a1b1c2,1
Wmwjm2z,3,2,1,3,t3_a2b1c3,0.255
QlFgWnG,1,2,1,2,t1_a2b1c2,0.0983333
QlFgWnG,1,3,2,2,t1_a3b2c2,0.0216667
QlFgWnG,1,1,1,3,t1_a1b1c3,0.985
QlFgWnG,1,1,2,3,t1_a1b2c3,1
QlFgWnG,1,3,2,3,t1_a3b2c3,0.0116667
QlFgWnG,1,1,1,1,t1_a1b1c1,0.0416667
QlFgWnG,1,3,1,3,t1_a3b1c3,0.0283333
QlFgWnG,1,2,2,3,t1_a2b2c3,0.878333
QlFgWnG,1,3,1,1,t1_a3b1c1,0.035
QlFgWnG,2,2,1,2,t2_a2b1c2,0.035
QlFgWnG,2,3,2,2,t2_a3b2c2,0.065
QlFgWnG,2,1,1,3,t2_a1b1c3,0.858333
QlFgWnG,2,1,2,3,t2_a1b2c3,0.0516667
QlFgWnG,2,3,2,3,t2_a3b2c3,0.055
QlFgWnG,2,1,1,1,t2_a1b1c1,0.835
QlFgWnG,2,3,1,3,t2_a3b1c3,0
QlFgWnG,2,2,2,3,t2_a2b2c3,0.635
QlFgWnG,2,3,1,1,t2_a3b1c1,0.0483333
QlFgWnG,3,2,1,2,t3_a2b1c2,0.938333
QlFgWnG,3,3,2,2,t3_a3b2c2,0.795
QlFgWnG,3,1,1,3,t3_a1b1c3,0.0483333
QlFgWnG,3,1,2,3,t3_a1b2c3,0.135
QlFgWnG,3,3,2,3,t3_a3b2c3,0.818333
QlFgWnG,3,1,1,1,t3_a1b1c1,0.965
QlFgWnG,3,3,1,3,t3_a3b1c3,0.938333
QlFgWnG,3,2,2,3,t3_a2b2c3,1
QlFgWnG,3,3,1,1,t3_a3b1c1,0.918333
rZV5JT9,1,2,1,2,t1_a2b1c2,0
rZV5JT9,1,3,2,2,t1_a3b2c2,0.296667
rZV5JT9,1,1,1,3,t1_a1b1c3,0.926667
rZV5JT9,1,1,2,3,t1_a1b2c3,1
rZV5JT9,1,3,2,3,t1_a3b2c3,0
rZV5JT9,1,1,1,1,t1_a1b1c1,0.606667
rZV5JT9,1,3,1,3,t1_a3b1c3,0
rZV5JT9,1,2,2,3,t1_a2b2c3,0.713333
rZV5JT9,1,3,1,1,t1_a3b1c1,0
rZV5JT9,2,2,1,2,t2_a2b1c2,0.65
rZV5JT9,2,3,2,2,t2_a3b2c2,0.203333
rZV5JT9,2,1,1,3,t2_a1b1c3,1
rZV5JT9,2,1,2,3,t2_a1b2c3,0.0633333
rZV5JT9,2,3,2,3,t2_a3b2c3,0
rZV5JT9,2,1,1,1,t2_a1b1c1,0.863333
rZV5JT9,2,3,1,3,t2_a3b1c3,0.666667
rZV5JT9,2,2,2,3,t2_a2b2c3,0.696667
rZV5JT9,2,3,1,1,t2_a3b1c1,0.08
rZV5JT9,3,2,1,2,t3_a2b1c2,0.716667
rZV5JT9,3,3,2,2,t3_a3b2c2,1
rZV5JT9,3,1,1,3,t3_a1b1c3,0.126667
rZV5JT9,3,1,2,3,t3_a1b2c3,0.0566667
rZV5JT9,3,3,2,3,t3_a3b2c3,0.686667
rZV5JT9,3,1,1,1,t3_a1b1c1,0.503333
rZV5JT9,3,3,1,3,t3_a3b1c3,0.57
rZV5JT9,3,2,2,3,t3_a2b2c3,0.0366667
rZV5JT9,3,3,1,1,t3_a3b1c1,1
KWHWTU4,1,1,2,2,t1_a1b2c2,0.908333
KWHWTU4,1,2,2,2,t1_a2b2c2,0.375
KWHWTU4,1,3,1,2,t1_a3b1c2,0
KWHWTU4,1,2,3,3,t1_a2b3c3,0.615
KWHWTU4,1,2,1,1,t1_a2b1c1,0.195
KWHWTU4,1,1,3,3,t1_a1b3c3,0.955
KWHWTU4,1,3,3,3,t1_a3b3c3,0.321667
KWHWTU4,1,1,1,2,t1_a1b1c2,0.701667
KWHWTU4,1,2,1,3,t1_a2b1c3,0
KWHWTU4,2,1,2,2,t2_a1b2c2,0.641667
KWHWTU4,2,2,2,2,t2_a2b2c2,0.645
KWHWTU4,2,3,1,2,t2_a3b1c2,0
KWHWTU4,2,2,3,3,t2_a2b3c3,0.678333
KWHWTU4,2,2,1,1,t2_a2b1c1,1
KWHWTU4,2,1,3,3,t2_a1b3c3,0.595
KWHWTU4,2,3,3,3,t2_a3b3c3,0.391667
KWHWTU4,2,1,1,2,t2_a1b1c2,0.645
KWHWTU4,2,2,1,3,t2_a2b1c3,0.641667
KWHWTU4,3,1,2,2,t3_a1b2c2,0.611667
KWHWTU4,3,2,2,2,t3_a2b2c2,0.228333
KWHWTU4,3,3,1,2,t3_a3b1c2,0.998333
KWHWTU4,3,2,3,3,t3_a2b3c3,0.405
KWHWTU4,3,2,1,1,t3_a2b1c1,0.738333
KWHWTU4,3,1,3,3,t3_a1b3c3,0.251667
KWHWTU4,3,3,3,3,t3_a3b3c3,0.015
KWHWTU4,3,1,1,2,t3_a1b1c2,0.625
KWHWTU4,3,2,1,3,t3_a2b1c3,0.611667
0xJdyiR,1,2,1,2,t1_a2b1c2,0.233333
0xJdyiR,1,3,2,2,t1_a3b2c2,0
0xJdyiR,1,1,1,3,t1_a1b1c3,1
0xJdyiR,1,1,2,3,t1_a1b2c3,1
0xJdyiR,1,3,2,3,t1_a3b2c3,0
0xJdyiR,1,1,1,1,t1_a1b1c1,1
0xJdyiR,1,3,1,3,t1_a3b1c3,0.0166667
0xJdyiR,1,2,2,3,t1_a2b2c3,0
0xJdyiR,1,3,1,1,t1_a3b1c1,0.02
0xJdyiR,2,2,1,2,t2_a2b1c2,0.16
0xJdyiR,2,3,2,2,t2_a3b2c2,0
0xJdyiR,2,1,1,3,t2_a1b1c3,1
0xJdyiR,2,1,2,3,t2_a1b2c3,1
0xJdyiR,2,3,2,3,t2_a3b2c3,0
0xJdyiR,2,1,1,1,t2_a1b1c1,0.66
0xJdyiR,2,3,1,3,t2_a3b1c3,0
0xJdyiR,2,2,2,3,t2_a2b2c3,1
0xJdyiR,2,3,1,1,t2_a3b1c1,0
0xJdyiR,3,2,1,2,t3_a2b1c2,0.17
0xJdyiR,3,3,2,2,t3_a3b2c2,0.01
0xJdyiR,3,1,1,3,t3_a1b1c3,1
0xJdyiR,3,1,2,3,t3_a1b2c3,1
0xJdyiR,3,3,2,3,t3_a3b2c3,0.0133333
0xJdyiR,3,1,1,1,t3_a1b1c1,0.81
0xJdyiR,3,3,1,3,t3_a3b1c3,0.176667
0xJdyiR,3,2,2,3,t3_a2b2c3,1
0xJdyiR,3,3,1,1,t3_a3b1c1,0
xaEViQR,1,1,2,2,t1_a1b2c2,1
xaEViQR,1,2,2,2,t1_a2b2c2,0.493333
xaEViQR,1,3,1,2,t1_a3b1c2,0.0233333
xaEViQR,1,2,3,3,t1_a2b3c3,0.496667
xaEViQR,1,2,1,1,t1_a2b1c1,0.893333
xaEViQR,1,1,3,3,t1_a1b3c3,0.97
xaEViQR,1,3,3,3,t1_a3b3c3,0.473333
xaEViQR,1,1,1,2,t1_a1b1c2,0.873333
xaEViQR,1,2,1,3,t1_a2b1c3,0.506667
xaEViQR,2,1,2,2,t2_a1b2c2,0.09
xaEViQR,2,2,2,2,t2_a2b2c2,0.506667
xaEViQR,2,3,1,2,t2_a3b1c2,0.273333
xaEViQR,2,2,3,3,t2_a2b3c3,0.98
xaEViQR,2,2,1,1,t2_a2b1c1,1
xaEViQR,2,1,3,3,t2_a1b3c3,0.0166667
xaEViQR,2,3,3,3,t2_a3b3c3,0.35
xaEViQR,2,1,1,2,t2_a1b1c2,0.25
xaEViQR,2,2,1,3,t2_a2b1c3,1
xaEViQR,3,1,2,2,t3_a1b2c2,0.973333
xaEViQR,3,2,2,2,t3_a2b2c2,0.62
xaEViQR,3,3,1,2,t3_a3b1c2,0.99
xaEViQR,3,2,3,3,t3_a2b3c3,0.0533333
xaEViQR,3,2,1,1,t3_a2b1c1,0.766667
xaEViQR,3,1,3,3,t3_a1b3c3,0
xaEViQR,3,3,3,3,t3_a3b3c3,0.503333
xaEViQR,3,1,1,2,t3_a1b1c2,0.803333
xaEViQR,3,2,1,3,t3_a2b1c3,0.273333
TR0tuar,1,1,2,2,t1_a1b2c2,0.946667
TR0tuar,1,2,2,2,t1_a2b2c2,0.493333
TR0tuar,1,3,1,2,t1_a3b1c2,0.106667
TR0tuar,1,2,3,3,t1_a2b3c3,0.933333
TR0tuar,1,2,1,1,t1_a2b1c1,0.0266667
TR0tuar,1,1,3,3,t1_a1b3c3,0.96
TR0tuar,1,3,3,3,t1_a3b3c3,0.486667
TR0tuar,1,1,1,2,t1_a1b1c2,0.753333
TR0tuar,1,2,1,3,t1_a2b1c3,0.09
TR0tuar,2,1,2,2,t2_a1b2c2,0.116667
TR0tuar,2,2,2,2,t2_a2b2c2,0.506667
TR0tuar,2,3,1,2,t2_a3b1c2,0.0466667
TR0tuar,2,2,3,3,t2_a2b3c3,0.96
TR0tuar,2,2,1,1,t2_a2b1c1,0.9
TR0tuar,2,1,3,3,t2_a1b3c3,0.263333
TR0tuar,2,3,3,3,t2_a3b3c3,0.233333
TR0tuar,2,1,1,2,t2_a1b1c2,0.136667
TR0tuar,2,2,1,3,t2_a2b1c3,0.906667
TR0tuar,3,1,2,2,t3_a1b2c2,0.99
TR0tuar,3,2,2,2,t3_a2b2c2,0.94
TR0tuar,3,3,1,2,t3_a3b1c2,0.496667
TR0tuar,3,2,3,3,t3_a2b3c3,0.0966667
TR0tuar,3,2,1,1,t3_a2b1c1,0.936667
TR0tuar,3,1,3,3,t3_a1b3c3,0.03
TR0tuar,3,3,3,3,t3_a3b3c3,0.28
TR0tuar,3,1,1,2,t3_a1b1c2,0.863333
TR0tuar,3,2,1,3,t3_a2b1c3,0.13
gB3nMzl,1,2,1,2,t1_a2b1c2,0.0866667
gB3nMzl,1,3,2,2,t1_a3b2c2,-1
gB3nMzl,1,1,1,3,t1_a1b1c3,0.926667
gB3nMzl,1,1,2,3,t1_a1b2c3,0.89
gB3nMzl,1,3,2,3,t1_a3b2c3,0.01
gB3nMzl,1,1,1,1,t1_a1b1c1,0.263333
gB3nMzl,1,3,1,3,t1_a3b1c3,0.02
gB3nMzl,1,2,2,3,t1_a2b2c3,0.193333
gB3nMzl,1,3,1,1,t1_a3b1c1,0.0133333
gB3nMzl,2,2,1,2,t2_a2b1c2,0.623333
gB3nMzl,2,3,2,2,t2_a3b2c2,0.01
gB3nMzl,2,1,1,3,t2_a1b1c3,0.96
gB3nMzl,2,1,2,3,t2_a1b2c3,0.686667
gB3nMzl,2,3,2,3,t2_a3b2c3,0.02
gB3nMzl,2,1,1,1,t2_a1b1c1,0.473333
gB3nMzl,2,3,1,3,t2_a3b1c3,0.956667
gB3nMzl,2,2,2,3,t2_a2b2c3,0.45
gB3nMzl,2,3,1,1,t2_a3b1c1,-1
gB3nMzl,3,2,1,2,t3_a2b1c2,0.99
gB3nMzl,3,3,2,2,t3_a3b2c2,0.943333
gB3nMzl,3,1,1,3,t3_a1b1c3,0.00666667
gB3nMzl,3,1,2,3,t3_a1b2c3,0.786667
gB3nMzl,3,3,2,3,t3_a3b2c3,0.886667
gB3nMzl,3,1,1,1,t3_a1b1c1,0.0766667
gB3nMzl,3,3,1,3,t3_a3b1c3,0.86
gB3nMzl,3,2,2,3,t3_a2b2c3,-1
gB3nMzl,3,3,1,1,t3_a3b1c1,0.963333
grw3adq,1,1,2,2,t1_a1b2c2,0.77
grw3adq,1,2,2,2,t1_a2b2c2,0.0433333
grw3adq,1,3,1,2,t1_a3b1c2,0.0266667
grw3adq,1,2,3,3,t1_a2b3c3,0.92
grw3adq,1,2,1,1,t1_a2b1c1,0.12
grw3adq,1,1,3,3,t1_a1b3c3,0.936667
grw3adq,1,3,3,3,t1_a3b3c3,1
grw3adq,1,1,1,2,t1_a1b1c2,0.613333
grw3adq,1,2,1,3,t1_a2b1c3,0.04
grw3adq,2,1,2,2,t2_a1b2c2,0.146667
grw3adq,2,2,2,2,t2_a2b2c2,0.83
grw3adq,2,3,1,2,t2_a3b1c2,0.0466667
grw3adq,2,2,3,3,t2_a2b3c3,0.923333
grw3adq,2,2,1,1,t2_a2b1c1,0.173333
grw3adq,2,1,3,3,t2_a1b3c3,0.81
grw3adq,2,3,3,3,t2_a3b3c3,0.136667
grw3adq,2,1,1,2,t2_a1b1c2,0.52
grw3adq,2,2,1,3,t2_a2b1c3,0.98
grw3adq,3,1,2,2,t3_a1b2c2,0.9
grw3adq,3,2,2,2,t3_a2b2c2,0.336667
grw3adq,3,3,1,2,t3_a3b1c2,0.616667
grw3adq,3,2,3,3,t3_a2b3c3,0.353333
grw3adq,3,2,1,1,t3_a2b1c1,0.863333
grw3adq,3,1,3,3,t3_a1b3c3,0.826667
grw3adq,3,3,3,3,t3_a3b3c3,0.95
grw3adq,3,1,1,2,t3_a1b1c2,0.816667
grw3adq,3,2,1,3,t3_a2b1c3,0.603333
KsfvTby,1,1,2,2,t1_a1b2c2,0.958333
KsfvTby,1,2,2,2,t1_a2b2c2,0.528333
KsfvTby,1,3,1,2,t1_a3b1c2,0.025
KsfvTby,1,2,3,3,t1_a2b3c3,1
KsfvTby,1,2,1,1,t1_a2b1c1,0.0116667
KsfvTby,1,1,3,3,t1_a1b3c3,0.968333
KsfvTby,1,3,3,3,t1_a3b3c3,0.401667
KsfvTby,1,1,1,2,t1_a1b1c2,0.668333
KsfvTby,1,2,1,3,t1_a2b1c3,0.171667
KsfvTby,2,1,2,2,t2_a1b2c2,0
KsfvTby,2,2,2,2,t2_a2b2c2,0.478333
KsfvTby,2,3,1,2,t2_a3b1c2,0.0816667
KsfvTby,2,2,3,3,t2_a2b3c3,0.935
KsfvTby,2,2,1,1,t2_a2b1c1,0.781667
KsfvTby,2,1,3,3,t2_a1b3c3,0.128333
KsfvTby,2,3,3,3,t2_a3b3c3,0.495
KsfvTby,2,1,1,2,t2_a1b1c2,0.498333
KsfvTby,2,2,1,3,t2_a2b1c3,0.948333
KsfvTby,3,1,2,2,t3_a1b2c2,0.841667
KsfvTby,3,2,2,2,t3_a2b2c2,0.505
KsfvTby,3,3,1,2,t3_a3b1c2,0.995
KsfvTby,3,2,3,3,t3_a2b3c3,0.0483333
KsfvTby,3,2,1,1,t3_a2b1c1,1
KsfvTby,3,1,3,3,t3_a1b3c3,0.0216667
KsfvTby,3,3,3,3,t3_a3b3c3,0.498333
KsfvTby,3,1,1,2,t3_a1b1c2,0.495
KsfvTby,3,2,1,3,t3_a2b1c3,0.0316667
HZlzwXf,1,1,2,2,t1_a1b2c2,0.98
HZlzwXf,1,2,2,2,t1_a2b2c2,0.523333
HZlzwXf,1,3,1,2,t1_a3b1c2,0.0266667
HZlzwXf,1,2,3,3,t1_a2b3c3,0.993333
HZlzwXf,1,2,1,1,t1_a2b1c1,0.00333333
HZlzwXf,1,1,3,3,t1_a1b3c3,0.963333
HZlzwXf,1,3,3,3,t1_a3b3c3,0.446667
HZlzwXf,1,1,1,2,t1_a1b1c2,0.716667
HZlzwXf,1,2,1,3,t1_a2b1c3,0.0266667
HZlzwXf,2,1,2,2,t2_a1b2c2,0.02
HZlzwXf,2,2,2,2,t2_a2b2c2,0.426667
HZlzwXf,2,3,1,2,t2_a3b1c2,0.02
HZlzwXf,2,2,3,3,t2_a2b3c3,0.983333
HZlzwXf,2,2,1,1,t2_a2b1c1,0.966667
HZlzwXf,2,1,3,3,t2_a1b3c3,0.0466667
HZlzwXf,2,3,3,3,t2_a3b3c3,0.656667
HZlzwXf,2,1,1,2,t2_a1b1c2,0.0466667
HZlzwXf,2,2,1,3,t2_a2b1c3,0.99
HZlzwXf,3,1,2,2,t3_a1b2c2,0.99
HZlzwXf,3,2,2,2,t3_a2b2c2,0.426667
HZlzwXf,3,3,1,2,t3_a3b1c2,0.986667
HZlzwXf,3,2,3,3,t3_a2b3c3,0.02
HZlzwXf,3,2,1,1,t3_a2b1c1,0.98
HZlzwXf,3,1,3,3,t3_a1b3c3,0.203333
HZlzwXf,3,3,3,3,t3_a3b3c3,0.39
HZlzwXf,3,1,1,2,t3_a1b1c2,0
HZlzwXf,3,2,1,3,t3_a2b1c3,0.34
FHVCb2V,1,1,2,2,t1_a1b2c2,1
FHVCb2V,1,2,2,2,t1_a2b2c2,0
FHVCb2V,1,3,1,2,t1_a3b1c2,0
FHVCb2V,1,2,3,3,t1_a2b3c3,0.941667
FHVCb2V,1,2,1,1,t1_a2b1c1,0.015
FHVCb2V,1,1,3,3,t1_a1b3c3,0.965
FHVCb2V,1,3,3,3,t1_a3b3c3,0
FHVCb2V,1,1,1,2,t1_a1b1c2,0
FHVCb2V,1,2,1,3,t1_a2b1c3,0.00833333
FHVCb2V,2,1,2,2,t2_a1b2c2,0
FHVCb2V,2,2,2,2,t2_a2b2c2,0
FHVCb2V,2,3,1,2,t2_a3b1c2,0
FHVCb2V,2,2,3,3,t2_a2b3c3,0.981667
FHVCb2V,2,2,1,1,t2_a2b1c1,0
FHVCb2V,2,1,3,3,t2_a1b3c3,0.025
FHVCb2V,2,3,3,3,t2_a3b3c3,0
FHVCb2V,2,1,1,2,t2_a1b1c2,0
FHVCb2V,2,2,1,3,t2_a2b1c3,1
FHVCb2V,3,1,2,2,t3_a1b2c2,0
FHVCb2V,3,2,2,2,t3_a2b2c2,0
FHVCb2V,3,3,1,2,t3_a3b1c2,1
FHVCb2V,3,2,3,3,t3_a2b3c3,0
FHVCb2V,3,2,1,1,t3_a2b1c1,1
FHVCb2V,3,1,3,3,t3_a1b3c3,0.065
FHVCb2V,3,3,3,3,t3_a3b3c3,0.00833333
FHVCb2V,3,1,1,2,t3_a1b1c2,0.948333
FHVCb2V,3,2,1,3,t3_a2b1c3,0