User,Trial,Judgment
cgftlEk,t1_a1b2c2.pdf.png,0.975
cgftlEk,t1_a2b2c2.pdf.png,0.0116667
cgftlEk,t1_a3b1c2.pdf.png,0.015
cgftlEk,t1_a2b3c3.pdf.png,0.665
cgftlEk,t1_a2b1c1.pdf.png,0.035
cgftlEk,t1_a1b3c3.pdf.png,0.988333
cgftlEk,t1_a3b3c3.pdf.png,0.0116667
cgftlEk,t1_a1b1c2.pdf.png,0.985
cgftlEk,t1_a2b1c3.pdf.png,0.065
cgftlEk,t2_a1b2c2.pdf.png,0.0216667
cgftlEk,t2_a2b2c2.pdf.png,0.985
cgftlEk,t2_a3b1c2.pdf.png,0.015
cgftlEk,t2_a2b3c3.pdf.png,0.758333
cgftlEk,t2_a2b1c1.pdf.png,0.971667
cgftlEk,t2_a1b3c3.pdf.png,0.005
cgftlEk,t2_a3b3c3.pdf.png,0.588333
cgftlEk,t2_a1b1c2.pdf.png,0.141667
cgftlEk,t2_a2b1c3.pdf.png,0.961667
cgftlEk,t3_a1b2c2.pdf.png,0.861667
cgftlEk,t3_a2b2c2.pdf.png,0.758333
cgftlEk,t3_a3b1c2.pdf.png,0.978333
cgftlEk,t3_a2b3c3.pdf.png,0.0483333
cgftlEk,t3_a2b1c1.pdf.png,0.991667
cgftlEk,t3_a1b3c3.pdf.png,0
cgftlEk,t3_a3b3c3.pdf.png,0.975
cgftlEk,t3_a1b1c2.pdf.png,0.518333
cgftlEk,t3_a2b1c3.pdf.png,0.00833333
riHT3nw,t1_a1b2c2.pdf.png,1
riHT3nw,t1_a2b2c2.pdf.png,0.396667
riHT3nw,t1_a3b1c2.pdf.png,0
riHT3nw,t1_a2b3c3.pdf.png,1
riHT3nw,t1_a2b1c1.pdf.png,0
riHT3nw,t1_a1b3c3.pdf.png,1
riHT3nw,t1_a3b3c3.pdf.png,0.264132
riHT3nw,t1_a1b1c2.pdf.png,0.574132
riHT3nw,t1_a2b1c3.pdf.png,0
riHT3nw,t2_a1b2c2.pdf.png,0
riHT3nw,t2_a2b2c2.pdf.png,0.406667
riHT3nw,t2_a3b1c2.pdf.png,0.0141319
riHT3nw,t2_a2b3c3.pdf.png,1
riHT3nw,t2_a2b1c1.pdf.png,0.990799
riHT3nw,t2_a1b3c3.pdf.png,0
riHT3nw,t2_a3b3c3.pdf.png,0.363333
riHT3nw,t2_a1b1c2.pdf.png,0
riHT3nw,t2_a2b1c3.pdf.png,1
riHT3nw,t3_a1b2c2.pdf.png,0.587465
riHT3nw,t3_a2b2c2.pdf.png,0.584132
riHT3nw,t3_a3b1c2.pdf.png,1
riHT3nw,t3_a2b3c3.pdf.png,0
riHT3nw,t3_a2b1c1.pdf.png,0.654132
riHT3nw,t3_a1b3c3.pdf.png,0
riHT3nw,t3_a3b3c3.pdf.png,0.374132
riHT3nw,t3_a1b1c2.pdf.png,0.634132
riHT3nw,t3_a2b1c3.pdf.png,0
hxGgvHV,t1_a1b2c2.pdf.png,0.973333
hxGgvHV,t1_a2b2c2.pdf.png,0.00666667
hxGgvHV,t1_a3b1c2.pdf.png,0.00333333
hxGgvHV,t1_a2b3c3.pdf.png,0.986667
hxGgvHV,t1_a2b1c1.pdf.png,0.01
hxGgvHV,t1_a1b3c3.pdf.png,0.96
hxGgvHV,t1_a3b3c3.pdf.png,0.02
hxGgvHV,t1_a1b1c2.pdf.png,0.996667
hxGgvHV,t1_a2b1c3.pdf.png,0.01
hxGgvHV,t2_a1b2c2.pdf.png,0.97
hxGgvHV,t2_a2b2c2.pdf.png,0.0133333
hxGgvHV,t2_a3b1c2.pdf.png,0.0133333
hxGgvHV,t2_a2b3c3.pdf.png,0.98
hxGgvHV,t2_a2b1c1.pdf.png,0.98
hxGgvHV,t2_a1b3c3.pdf.png,0.00666667
hxGgvHV,t2_a3b3c3.pdf.png,0.0266667
hxGgvHV,t2_a1b1c2.pdf.png,0.963333
hxGgvHV,t2_a2b1c3.pdf.png,0.993333
hxGgvHV,t3_a1b2c2.pdf.png,0.983333
hxGgvHV,t3_a2b2c2.pdf.png,0.993333
hxGgvHV,t3_a3b1c2.pdf.png,0.983333
hxGgvHV,t3_a2b3c3.pdf.png,0.996667
hxGgvHV,t3_a2b1c1.pdf.png,0.983333
hxGgvHV,t3_a1b3c3.pdf.png,0.02
hxGgvHV,t3_a3b3c3.pdf.png,0.00666667
hxGgvHV,t3_a1b1c2.pdf.png,0.0166667
hxGgvHV,t3_a2b1c3.pdf.png,0.01
5srhd30,t1_a2b1c2.pdf.png,0
5srhd30,t1_a3b2c2.pdf.png,0.01
5srhd30,t1_a1b1c3.pdf.png,1
5srhd30,t1_a1b2c3.pdf.png,0.996667
5srhd30,t1_a3b2c3.pdf.png,0
5srhd30,t1_a1b1c1.pdf.png,0.78
5srhd30,t1_a3b1c3.pdf.png,0
5srhd30,t1_a2b2c3.pdf.png,1
5srhd30,t1_a3b1c1.pdf.png,0
5srhd30,t2_a2b1c2.pdf.png,1
5srhd30,t2_a3b2c2.pdf.png,0.0166667
5srhd30,t2_a1b1c3.pdf.png,0.993333
5srhd30,t2_a1b2c3.pdf.png,0
5srhd30,t2_a3b2c3.pdf.png,0
5srhd30,t2_a1b1c1.pdf.png,0.756667
5srhd30,t2_a3b1c3.pdf.png,1
5srhd30,t2_a2b2c3.pdf.png,1
5srhd30,t2_a3b1c1.pdf.png,0.123333
5srhd30,t3_a2b1c2.pdf.png,1
5srhd30,t3_a3b2c2.pdf.png,1
5srhd30,t3_a1b1c3.pdf.png,0
5srhd30,t3_a1b2c3.pdf.png,0.843333
5srhd30,t3_a3b2c3.pdf.png,0.95
5srhd30,t3_a1b1c1.pdf.png,1
5srhd30,t3_a3b1c3.pdf.png,1
5srhd30,t3_a2b2c3.pdf.png,0
5srhd30,t3_a3b1c1.pdf.png,1
Rmv2dDf,t1_a2b1c2.pdf.png,0.00666667
Rmv2dDf,t1_a3b2c2.pdf.png,0.00333333
Rmv2dDf,t1_a1b1c3.pdf.png,0.503333
Rmv2dDf,t1_a1b2c3.pdf.png,0.963333
Rmv2dDf,t1_a3b2c3.pdf.png,0.00666667
Rmv2dDf,t1_a1b1c1.pdf.png,0.526667
Rmv2dDf,t1_a3b1c3.pdf.png,0.0233333
Rmv2dDf,t1_a2b2c3.pdf.png,0.0533333
Rmv2dDf,t1_a3b1c1.pdf.png,0.02
Rmv2dDf,t2_a2b1c2.pdf.png,0.02
Rmv2dDf,t2_a3b2c2.pdf.png,0
Rmv2dDf,t2_a1b1c3.pdf.png,0.996667
Rmv2dDf,t2_a1b2c3.pdf.png,1
Rmv2dDf,t2_a3b2c3.pdf.png,0.946667
Rmv2dDf,t2_a1b1c1.pdf.png,0.993333
Rmv2dDf,t2_a3b1c3.pdf.png,0.0233333
Rmv2dDf,t2_a2b2c3.pdf.png,0.986667
Rmv2dDf,t2_a3b1c1.pdf.png,0.01
Rmv2dDf,t3_a2b1c2.pdf.png,0.96
Rmv2dDf,t3_a3b2c2.pdf.png,0.996667
Rmv2dDf,t3_a1b1c3.pdf.png,0.973333
Rmv2dDf,t3_a1b2c3.pdf.png,0.01
Rmv2dDf,t3_a3b2c3.pdf.png,0.0266667
Rmv2dDf,t3_a1b1c1.pdf.png,1
Rmv2dDf,t3_a3b1c3.pdf.png,0.986667
Rmv2dDf,t3_a2b2c3.pdf.png,0.0333333
Rmv2dDf,t3_a3b1c1.pdf.png,0.93
6SkvEBY,t1_a1b2c2.pdf.png,0.283333
6SkvEBY,t1_a2b2c2.pdf.png,0
6SkvEBY,t1_a3b1c2.pdf.png,0
6SkvEBY,t1_a2b3c3.pdf.png,0.25
6SkvEBY,t1_a2b1c1.pdf.png,0.363333
6SkvEBY,t1_a1b3c3.pdf.png,0.513333
6SkvEBY,t1_a3b3c3.pdf.png,0.246667
6SkvEBY,t1_a1b1c2.pdf.png,0.363333
6SkvEBY,t1_a2b1c3.pdf.png,0.463333
6SkvEBY,t2_a1b2c2.pdf.png,0.626667
6SkvEBY,t2_a2b2c2.pdf.png,0.256667
6SkvEBY,t2_a3b1c2.pdf.png,0.63
6SkvEBY,t2_a2b3c3.pdf.png,0.363333
6SkvEBY,t2_a2b1c1.pdf.png,0.59
6SkvEBY,t2_a1b3c3.pdf.png,0.33
6SkvEBY,t2_a3b3c3.pdf.png,0.283333
6SkvEBY,t2_a1b1c2.pdf.png,0.603333
6SkvEBY,t2_a2b1c3.pdf.png,0.626667
6SkvEBY,t3_a1b2c2.pdf.png,0.623333
6SkvEBY,t3_a2b2c2.pdf.png,0.646667
6SkvEBY,t3_a3b1c2.pdf.png,0.59
6SkvEBY,t3_a2b3c3.pdf.png,0.576667
6SkvEBY,t3_a2b1c1.pdf.png,1
6SkvEBY,t3_a1b3c3.pdf.png,0.316667
6SkvEBY,t3_a3b3c3.pdf.png,0.24
6SkvEBY,t3_a1b1c2.pdf.png,0.706667
6SkvEBY,t3_a2b1c3.pdf.png,0.6
axyMldt,t1_a1b2c2.pdf.png,1
axyMldt,t1_a2b2c2.pdf.png,0.568333
axyMldt,t1_a3b1c2.pdf.png,0
axyMldt,t1_a2b3c3.pdf.png,1
axyMldt,t1_a2b1c1.pdf.png,0
axyMldt,t1_a1b3c3.pdf.png,1
axyMldt,t1_a3b3c3.pdf.png,0.435
axyMldt,t1_a1b1c2.pdf.png,0.828333
axyMldt,t1_a2b1c3.pdf.png,0
axyMldt,t2_a1b2c2.pdf.png,0
axyMldt,t2_a2b2c2.pdf.png,0.608333
axyMldt,t2_a3b1c2.pdf.png,0
axyMldt,t2_a2b3c3.pdf.png,1
axyMldt,t2_a2b1c1.pdf.png,0.568333
axyMldt,t2_a1b3c3.pdf.png,0
axyMldt,t2_a3b3c3.pdf.png,0
axyMldt,t2_a1b1c2.pdf.png,0
axyMldt,t2_a2b1c3.pdf.png,1
axyMldt,t3_a1b2c2.pdf.png,1
axyMldt,t3_a2b2c2.pdf.png,0.401667
axyMldt,t3_a3b1c2.pdf.png,0.618333
axyMldt,t3_a2b3c3.pdf.png,0
axyMldt,t3_a2b1c1.pdf.png,1
axyMldt,t3_a1b3c3.pdf.png,0
axyMldt,t3_a3b3c3.pdf.png,1
axyMldt,t3_a1b1c2.pdf.png,0.318333
axyMldt,t3_a2b1c3.pdf.png,0.385
E82Sq1V,t1_a2b1c2.pdf.png,0.0383333
E82Sq1V,t1_a3b2c2.pdf.png,0.0316667
E82Sq1V,t1_a1b1c3.pdf.png,1
E82Sq1V,t1_a1b2c3.pdf.png,0
E82Sq1V,t1_a3b2c3.pdf.png,0
E82Sq1V,t1_a1b1c1.pdf.png,0.611667
E82Sq1V,t1_a3b1c3.pdf.png,0.135
E82Sq1V,t1_a2b2c3.pdf.png,0.765
E82Sq1V,t1_a3b1c1.pdf.png,0.0316667
E82Sq1V,t2_a2b1c2.pdf.png,0.781667
E82Sq1V,t2_a3b2c2.pdf.png,0
E82Sq1V,t2_a1b1c3.pdf.png,0.931667
E82Sq1V,t2_a1b2c3.pdf.png,0.121667
E82Sq1V,t2_a3b2c3.pdf.png,0.0683333
E82Sq1V,t2_a1b1c1.pdf.png,0.825
E82Sq1V,t2_a3b1c3.pdf.png,0.915
E82Sq1V,t2_a2b2c3.pdf.png,0.758333
E82Sq1V,t2_a3b1c1.pdf.png,0.125
E82Sq1V,t3_a2b1c2.pdf.png,0.625
E82Sq1V,t3_a3b2c2.pdf.png,0.821667
E82Sq1V,t3_a1b1c3.pdf.png,0.311667
E82Sq1V,t3_a1b2c3.pdf.png,0.158333
E82Sq1V,t3_a3b2c3.pdf.png,0.865
E82Sq1V,t3_a1b1c1.pdf.png,1
E82Sq1V,t3_a3b1c3.pdf.png,0.791667
E82Sq1V,t3_a2b2c3.pdf.png,0
E82Sq1V,t3_a3b1c1.pdf.png,1
LRSa171,t1_a1b2c2.pdf.png,1
LRSa171,t1_a2b2c2.pdf.png,0.575
LRSa171,t1_a3b1c2.pdf.png,0
LRSa171,t1_a2b3c3.pdf.png,1
LRSa171,t1_a2b1c1.pdf.png,0
LRSa171,t1_a1b3c3.pdf.png,1
LRSa171,t1_a3b3c3.pdf.png,0.0316667
LRSa171,t1_a1b1c2.pdf.png,1
LRSa171,t1_a2b1c3.pdf.png,0
LRSa171,t2_a1b2c2.pdf.png,0
LRSa171,t2_a2b2c2.pdf.png,0
LRSa171,t2_a3b1c2.pdf.png,0
LRSa171,t2_a2b3c3.pdf.png,1
LRSa171,t2_a2b1c1.pdf.png,1
LRSa171,t2_a1b3c3.pdf.png,0
LRSa171,t2_a3b3c3.pdf.png,0.565
LRSa171,t2_a1b1c2.pdf.png,0
LRSa171,t2_a2b1c3.pdf.png,1
LRSa171,t3_a1b2c2.pdf.png,1
LRSa171,t3_a2b2c2.pdf.png,1
LRSa171,t3_a3b1c2.pdf.png,1
LRSa171,t3_a2b3c3.pdf.png,0
LRSa171,t3_a2b1c1.pdf.png,1
LRSa171,t3_a1b3c3.pdf.png,0
LRSa171,t3_a3b3c3.pdf.png,0
LRSa171,t3_a1b1c2.pdf.png,0.478333
LRSa171,t3_a2b1c3.pdf.png,0
MA0IF57,t1_a2b1c2.pdf.png,0.0116667
MA0IF57,t1_a3b2c2.pdf.png,0.0883333
MA0IF57,t1_a1b1c3.pdf.png,0.971667
MA0IF57,t1_a1b2c3.pdf.png,0.945
MA0IF57,t1_a3b2c3.pdf.png,0.101667
MA0IF57,t1_a1b1c1.pdf.png,0.508333
MA0IF57,t1_a3b1c3.pdf.png,0.0183333
MA0IF57,t1_a2b2c3.pdf.png,0.025
MA0IF57,t1_a3b1c1.pdf.png,0.00833333
MA0IF57,t2_a2b1c2.pdf.png,0.498333
MA0IF57,t2_a3b2c2.pdf.png,0.035
MA0IF57,t2_a1b1c3.pdf.png,0.975
MA0IF57,t2_a1b2c3.pdf.png,0.0516667
MA0IF57,t2_a3b2c3.pdf.png,0.0316667
MA0IF57,t2_a1b1c1.pdf.png,0.538333
MA0IF57,t2_a3b1c3.pdf.png,0.0516667
MA0IF57,t2_a2b2c3.pdf.png,0.975
MA0IF57,t2_a3b1c1.pdf.png,0.0283333
MA0IF57,t3_a2b1c2.pdf.png,0.035
MA0IF57,t3_a3b2c2.pdf.png,0.928333
MA0IF57,t3_a1b1c3.pdf.png,0.035
MA0IF57,t3_a1b2c3.pdf.png,0.035
MA0IF57,t3_a3b2c3.pdf.png,0.978333
MA0IF57,t3_a1b1c1.pdf.png,0.958333
MA0IF57,t3_a3b1c3.pdf.png,0.518333
MA0IF57,t3_a2b2c3.pdf.png,0.035
MA0IF57,t3_a3b1c1.pdf.png,0.971667
SF3IwaA,t1_a2b1c2.pdf.png,0.0216667
SF3IwaA,t1_a3b2c2.pdf.png,0
SF3IwaA,t1_a1b1c3.pdf.png,0
SF3IwaA,t1_a1b2c3.pdf.png,0
SF3IwaA,t1_a3b2c3.pdf.png,0
SF3IwaA,t1_a1b1c1.pdf.png,0
SF3IwaA,t1_a3b1c3.pdf.png,0
SF3IwaA,t1_a2b2c3.pdf.png,0
SF3IwaA,t1_a3b1c1.pdf.png,0
SF3IwaA,t2_a2b1c2.pdf.png,0
SF3IwaA,t2_a3b2c2.pdf.png,0
SF3IwaA,t2_a1b1c3.pdf.png,1
SF3IwaA,t2_a1b2c3.pdf.png,0
SF3IwaA,t2_a3b2c3.pdf.png,0
SF3IwaA,t2_a1b1c1.pdf.png,0
SF3IwaA,t2_a3b1c3.pdf.png,0
SF3IwaA,t2_a2b2c3.pdf.png,0
SF3IwaA,t2_a3b1c1.pdf.png,1
SF3IwaA,t3_a2b1c2.pdf.png,1
SF3IwaA,t3_a3b2c2.pdf.png,1
SF3IwaA,t3_a1b1c3.pdf.png,0
SF3IwaA,t3_a1b2c3.pdf.png,0
SF3IwaA,t3_a3b2c3.pdf.png,1
SF3IwaA,t3_a1b1c1.pdf.png,1
SF3IwaA,t3_a3b1c3.pdf.png,1
SF3IwaA,t3_a2b2c3.pdf.png,1
SF3IwaA,t3_a3b1c1.pdf.png,1
Ih3LOge,t1_a2b1c2.pdf.png,0.00316671
Ih3LOge,t1_a3b2c2.pdf.png,0
Ih3LOge,t1_a1b1c3.pdf.png,0.649833
Ih3LOge,t1_a1b2c3.pdf.png,1
Ih3LOge,t1_a3b2c3.pdf.png,0.0198334
Ih3LOge,t1_a1b1c1.pdf.png,0.403167
Ih3LOge,t1_a3b1c3.pdf.png,0
Ih3LOge,t1_a2b2c3.pdf.png,0.663167
Ih3LOge,t1_a3b1c1.pdf.png,0
Ih3LOge,t2_a2b1c2.pdf.png,0.733167
Ih3LOge,t2_a3b2c2.pdf.png,0
Ih3LOge,t2_a1b1c3.pdf.png,0.793167
Ih3LOge,t2_a1b2c3.pdf.png,0
Ih3LOge,t2_a3b2c3.pdf.png,0.1465
Ih3LOge,t2_a1b1c1.pdf.png,0.799833
Ih3LOge,t2_a3b1c3.pdf.png,0.573167
Ih3LOge,t2_a2b2c3.pdf.png,0.673167
Ih3LOge,t2_a3b1c1.pdf.png,0.1965
Ih3LOge,t3_a2b1c2.pdf.png,0.7065
Ih3LOge,t3_a3b2c2.pdf.png,1
Ih3LOge,t3_a1b1c3.pdf.png,0
Ih3LOge,t3_a1b2c3.pdf.png,0
Ih3LOge,t3_a3b2c3.pdf.png,0.6865
Ih3LOge,t3_a1b1c1.pdf.png,0.979833
Ih3LOge,t3_a3b1c3.pdf.png,0.763167
Ih3LOge,t3_a2b2c3.pdf.png,0
Ih3LOge,t3_a3b1c1.pdf.png,1
7kOrmDo,t1_a2b1c2.pdf.png,0.173333
7kOrmDo,t1_a3b2c2.pdf.png,0.213333
7kOrmDo,t1_a1b1c3.pdf.png,0.36
7kOrmDo,t1_a1b2c3.pdf.png,0.74
7kOrmDo,t1_a3b2c3.pdf.png,0.14
7kOrmDo,t1_a1b1c1.pdf.png,0.253333
7kOrmDo,t1_a3b1c3.pdf.png,0.08
7kOrmDo,t1_a2b2c3.pdf.png,0.693333
7kOrmDo,t1_a3b1c1.pdf.png,0.18
7kOrmDo,t2_a2b1c2.pdf.png,0.346667
7kOrmDo,t2_a3b2c2.pdf.png,0.0733333
7kOrmDo,t2_a1b1c3.pdf.png,0.886667
7kOrmDo,t2_a1b2c3.pdf.png,0.106667
7kOrmDo,t2_a3b2c3.pdf.png,0.3
7kOrmDo,t2_a1b1c1.pdf.png,0.633333
7kOrmDo,t2_a3b1c3.pdf.png,0.76
7kOrmDo,t2_a2b2c3.pdf.png,0.613333
7kOrmDo,t2_a3b1c1.pdf.png,0.0866667
7kOrmDo,t3_a2b1c2.pdf.png,0.72
7kOrmDo,t3_a3b2c2.pdf.png,0.86
7kOrmDo,t3_a1b1c3.pdf.png,0.186667
7kOrmDo,t3_a1b2c3.pdf.png,0.14
7kOrmDo,t3_a3b2c3.pdf.png,0.753333
7kOrmDo,t3_a1b1c1.pdf.png,0.706667
7kOrmDo,t3_a3b1c3.pdf.png,0.773333
7kOrmDo,t3_a2b2c3.pdf.png,0.206667
7kOrmDo,t3_a3b1c1.pdf.png,0.9
cE5cXvQ,t1_a2b1c2.pdf.png,0
cE5cXvQ,t1_a3b2c2.pdf.png,0
cE5cXvQ,t1_a1b1c3.pdf.png,0.742667
cE5cXvQ,t1_a1b2c3.pdf.png,1
cE5cXvQ,t1_a3b2c3.pdf.png,0
cE5cXvQ,t1_a1b1c1.pdf.png,0.502667
cE5cXvQ,t1_a3b1c3.pdf.png,0
cE5cXvQ,t1_a2b2c3.pdf.png,0.769333
cE5cXvQ,t1_a3b1c1.pdf.png,0
cE5cXvQ,t2_a2b1c2.pdf.png,0.712667
cE5cXvQ,t2_a3b2c2.pdf.png,0
cE5cXvQ,t2_a1b1c3.pdf.png,1
cE5cXvQ,t2_a1b2c3.pdf.png,0
cE5cXvQ,t2_a3b2c3.pdf.png,0
cE5cXvQ,t2_a1b1c1.pdf.png,0.752667
cE5cXvQ,t2_a3b1c3.pdf.png,0.709333
cE5cXvQ,t2_a2b2c3.pdf.png,1
cE5cXvQ,t2_a3b1c1.pdf.png,0
cE5cXvQ,t3_a2b1c2.pdf.png,0.806
cE5cXvQ,t3_a3b2c2.pdf.png,1
cE5cXvQ,t3_a1b1c3.pdf.png,0
cE5cXvQ,t3_a1b2c3.pdf.png,0
cE5cXvQ,t3_a3b2c3.pdf.png,1
cE5cXvQ,t3_a1b1c1.pdf.png,1
cE5cXvQ,t3_a3b1c3.pdf.png,1
cE5cXvQ,t3_a2b2c3.pdf.png,0
cE5cXvQ,t3_a3b1c1.pdf.png,1
za1DTuc,t1_a2b1c2.pdf.png,0
za1DTuc,t1_a3b2c2.pdf.png,0
za1DTuc,t1_a1b1c3.pdf.png,1
za1DTuc,t1_a1b2c3.pdf.png,1
za1DTuc,t1_a3b2c3.pdf.png,0
za1DTuc,t1_a1b1c1.pdf.png,1
za1DTuc,t1_a3b1c3.pdf.png,0
za1DTuc,t1_a2b2c3.pdf.png,0
za1DTuc,t1_a3b1c1.pdf.png,0
za1DTuc,t2_a2b1c2.pdf.png,1
za1DTuc,t2_a3b2c2.pdf.png,0
za1DTuc,t2_a1b1c3.pdf.png,1
za1DTuc,t2_a1b2c3.pdf.png,1
za1DTuc,t2_a3b2c3.pdf.png,0
za1DTuc,t2_a1b1c1.pdf.png,1
za1DTuc,t2_a3b1c3.pdf.png,1
za1DTuc,t2_a2b2c3.pdf.png,1
za1DTuc,t2_a3b1c1.pdf.png,1
za1DTuc,t3_a2b1c2.pdf.png,1
za1DTuc,t3_a3b2c2.pdf.png,1
za1DTuc,t3_a1b1c3.pdf.png,1
za1DTuc,t3_a1b2c3.pdf.png,1
za1DTuc,t3_a3b2c3.pdf.png,1
za1DTuc,t3_a1b1c1.pdf.png,1
za1DTuc,t3_a3b1c3.pdf.png,1
za1DTuc,t3_a2b2c3.pdf.png,0
za1DTuc,t3_a3b1c1.pdf.png,1
6KF29L1,t1_a2b1c2.pdf.png,0
6KF29L1,t1_a3b2c2.pdf.png,0
6KF29L1,t1_a1b1c3.pdf.png,0.731667
6KF29L1,t1_a1b2c3.pdf.png,1
6KF29L1,t1_a3b2c3.pdf.png,0
6KF29L1,t1_a1b1c1.pdf.png,1
6KF29L1,t1_a3b1c3.pdf.png,0
6KF29L1,t1_a2b2c3.pdf.png,0.591667
6KF29L1,t1_a3b1c1.pdf.png,0
6KF29L1,t2_a2b1c2.pdf.png,1
6KF29L1,t2_a3b2c2.pdf.png,0
6KF29L1,t2_a1b1c3.pdf.png,1
6KF29L1,t2_a1b2c3.pdf.png,0
6KF29L1,t2_a3b2c3.pdf.png,0
6KF29L1,t2_a1b1c1.pdf.png,0
6KF29L1,t2_a3b1c3.pdf.png,0.638333
6KF29L1,t2_a2b2c3.pdf.png,1
6KF29L1,t2_a3b1c1.pdf.png,0
6KF29L1,t3_a2b1c2.pdf.png,0.658333
6KF29L1,t3_a3b2c2.pdf.png,1
6KF29L1,t3_a1b1c3.pdf.png,0
6KF29L1,t3_a1b2c3.pdf.png,0
6KF29L1,t3_a3b2c3.pdf.png,0.875
6KF29L1,t3_a1b1c1.pdf.png,1
6KF29L1,t3_a3b1c3.pdf.png,0.608333
6KF29L1,t3_a2b2c3.pdf.png,0.741667
6KF29L1,t3_a3b1c1.pdf.png,1
l97pIMj,t1_a1b2c2.pdf.png,1
l97pIMj,t1_a2b2c2.pdf.png,0
l97pIMj,t1_a3b1c2.pdf.png,0
l97pIMj,t1_a2b3c3.pdf.png,0.248333
l97pIMj,t1_a2b1c1.pdf.png,0
l97pIMj,t1_a1b3c3.pdf.png,1
l97pIMj,t1_a3b3c3.pdf.png,0.0183333
l97pIMj,t1_a1b1c2.pdf.png,0
l97pIMj,t1_a2b1c3.pdf.png,0
l97pIMj,t2_a1b2c2.pdf.png,0.0216667
l97pIMj,t2_a2b2c2.pdf.png,0
l97pIMj,t2_a3b1c2.pdf.png,0.215
l97pIMj,t2_a2b3c3.pdf.png,0
l97pIMj,t2_a2b1c1.pdf.png,0.995
l97pIMj,t2_a1b3c3.pdf.png,0
l97pIMj,t2_a3b3c3.pdf.png,0
l97pIMj,t2_a1b1c2.pdf.png,0
l97pIMj,t2_a2b1c3.pdf.png,0.261667
l97pIMj,t3_a1b2c2.pdf.png,1
l97pIMj,t3_a2b2c2.pdf.png,0.788333
l97pIMj,t3_a3b1c2.pdf.png,1
l97pIMj,t3_a2b3c3.pdf.png,0
l97pIMj,t3_a2b1c1.pdf.png,1
l97pIMj,t3_a1b3c3.pdf.png,0
l97pIMj,t3_a3b3c3.pdf.png,0
l97pIMj,t3_a1b1c2.pdf.png,0.618333
l97pIMj,t3_a2b1c3.pdf.png,0.178333
fdztWdK,t1_a2b1c2.pdf.png,0.531667
fdztWdK,t1_a3b2c2.pdf.png,0
fdztWdK,t1_a1b1c3.pdf.png,1
fdztWdK,t1_a1b2c3.pdf.png,1
fdztWdK,t1_a3b2c3.pdf.png,0
fdztWdK,t1_a1b1c1.pdf.png,0.245
fdztWdK,t1_a3b1c3.pdf.png,0
fdztWdK,t1_a2b2c3.pdf.png,0.818333
fdztWdK,t1_a3b1c1.pdf.png,0
fdztWdK,t2_a2b1c2.pdf.png,0.651667
fdztWdK,t2_a3b2c2.pdf.png,0
fdztWdK,t2_a1b1c3.pdf.png,1
fdztWdK,t2_a1b2c3.pdf.png,0.398333
fdztWdK,t2_a3b2c3.pdf.png,0
fdztWdK,t2_a1b1c1.pdf.png,0.678333
fdztWdK,t2_a3b1c3.pdf.png,0.791667
fdztWdK,t2_a2b2c3.pdf.png,0.685
fdztWdK,t2_a3b1c1.pdf.png,0
fdztWdK,t3_a2b1c2.pdf.png,0.505
fdztWdK,t3_a3b2c2.pdf.png,1
fdztWdK,t3_a1b1c3.pdf.png,0
fdztWdK,t3_a1b2c3.pdf.png,0.811667
fdztWdK,t3_a3b2c3.pdf.png,0.625
fdztWdK,t3_a1b1c1.pdf.png,1
fdztWdK,t3_a3b1c3.pdf.png,0.658333
fdztWdK,t3_a2b2c3.pdf.png,0.505
fdztWdK,t3_a3b1c1.pdf.png,1
0rf8Cxj,t1_a1b2c2.pdf.png,1
0rf8Cxj,t1_a2b2c2.pdf.png,1
0rf8Cxj,t1_a3b1c2.pdf.png,0
0rf8Cxj,t1_a2b3c3.pdf.png,1
0rf8Cxj,t1_a2b1c1.pdf.png,0
0rf8Cxj,t1_a1b3c3.pdf.png,1
0rf8Cxj,t1_a3b3c3.pdf.png,0
0rf8Cxj,t1_a1b1c2.pdf.png,1
0rf8Cxj,t1_a2b1c3.pdf.png,1
0rf8Cxj,t2_a1b2c2.pdf.png,0
0rf8Cxj,t2_a2b2c2.pdf.png,1
0rf8Cxj,t2_a3b1c2.pdf.png,0
0rf8Cxj,t2_a2b3c3.pdf.png,1
0rf8Cxj,t2_a2b1c1.pdf.png,1
0rf8Cxj,t2_a1b3c3.pdf.png,0.0183333
0rf8Cxj,t2_a3b3c3.pdf.png,0
0rf8Cxj,t2_a1b1c2.pdf.png,1
0rf8Cxj,t2_a2b1c3.pdf.png,1
0rf8Cxj,t3_a1b2c2.pdf.png,0
0rf8Cxj,t3_a2b2c2.pdf.png,0
0rf8Cxj,t3_a3b1c2.pdf.png,1
0rf8Cxj,t3_a2b3c3.pdf.png,0.0316667
0rf8Cxj,t3_a2b1c1.pdf.png,1
0rf8Cxj,t3_a1b3c3.pdf.png,0
0rf8Cxj,t3_a3b3c3.pdf.png,0.998333
0rf8Cxj,t3_a1b1c2.pdf.png,0.0283333
0rf8Cxj,t3_a2b1c3.pdf.png,0
kHPF2BE,t1_a2b1c2.pdf.png,0.296667
kHPF2BE,t1_a3b2c2.pdf.png,0.04
kHPF2BE,t1_a1b1c3.pdf.png,0.73
kHPF2BE,t1_a1b2c3.pdf.png,0.98
kHPF2BE,t1_a3b2c3.pdf.png,0.0666667
kHPF2BE,t1_a1b1c1.pdf.png,0.63
kHPF2BE,t1_a3b1c3.pdf.png,0.103333
kHPF2BE,t1_a2b2c3.pdf.png,0.7
kHPF2BE,t1_a3b1c1.pdf.png,0.0233333
kHPF2BE,t2_a2b1c2.pdf.png,0.29
kHPF2BE,t2_a3b2c2.pdf.png,0.116667
kHPF2BE,t2_a1b1c3.pdf.png,0.75
kHPF2BE,t2_a1b2c3.pdf.png,0.0833333
kHPF2BE,t2_a3b2c3.pdf.png,0.153333
kHPF2BE,t2_a1b1c1.pdf.png,0.66
kHPF2BE,t2_a3b1c3.pdf.png,0.113333
kHPF2BE,t2_a2b2c3.pdf.png,0.79
kHPF2BE,t2_a3b1c1.pdf.png,0.13
kHPF2BE,t3_a2b1c2.pdf.png,0.693333
kHPF2BE,t3_a3b2c2.pdf.png,0.763333
kHPF2BE,t3_a1b1c3.pdf.png,0.123333
kHPF2BE,t3_a1b2c3.pdf.png,0.38
kHPF2BE,t3_a3b2c3.pdf.png,0.62
kHPF2BE,t3_a1b1c1.pdf.png,0.953333
kHPF2BE,t3_a3b1c3.pdf.png,0.776667
kHPF2BE,t3_a2b2c3.pdf.png,0.31
kHPF2BE,t3_a3b1c1.pdf.png,1
UZSKfNP,t1_a2b1c2.pdf.png,0.0366667
UZSKfNP,t1_a3b2c2.pdf.png,0.0533333
UZSKfNP,t1_a1b1c3.pdf.png,0.946667
UZSKfNP,t1_a1b2c3.pdf.png,0.98
UZSKfNP,t1_a3b2c3.pdf.png,0.0433333
UZSKfNP,t1_a1b1c1.pdf.png,0.363333
UZSKfNP,t1_a3b1c3.pdf.png,0.0333333
UZSKfNP,t1_a2b2c3.pdf.png,0.54
UZSKfNP,t1_a3b1c1.pdf.png,0.0333333
UZSKfNP,t2_a2b1c2.pdf.png,0.93
UZSKfNP,t2_a3b2c2.pdf.png,0.0266667
UZSKfNP,t2_a1b1c3.pdf.png,0.97
UZSKfNP,t2_a1b2c3.pdf.png,0.0266667
UZSKfNP,t2_a3b2c3.pdf.png,0.05
UZSKfNP,t2_a1b1c1.pdf.png,0.966667
UZSKfNP,t2_a3b1c3.pdf.png,0.35
UZSKfNP,t2_a2b2c3.pdf.png,0.976667
UZSKfNP,t2_a3b1c1.pdf.png,0.05
UZSKfNP,t3_a2b1c2.pdf.png,0.706667
UZSKfNP,t3_a3b2c2.pdf.png,0.956667
UZSKfNP,t3_a1b1c3.pdf.png,0.0266667
UZSKfNP,t3_a1b2c3.pdf.png,0.04
UZSKfNP,t3_a3b2c3.pdf.png,0.723333
UZSKfNP,t3_a1b1c1.pdf.png,0.586667
UZSKfNP,t3_a3b1c3.pdf.png,0.836667
UZSKfNP,t3_a2b2c3.pdf.png,0.06
UZSKfNP,t3_a3b1c1.pdf.png,0.986667
bt0q3Pa,t1_a2b1c2.pdf.png,0.403391
bt0q3Pa,t1_a3b2c2.pdf.png,0.0233911
bt0q3Pa,t1_a1b1c3.pdf.png,1
bt0q3Pa,t1_a1b2c3.pdf.png,1
bt0q3Pa,t1_a3b2c3.pdf.png,0.116724
bt0q3Pa,t1_a1b1c1.pdf.png,0.576724
bt0q3Pa,t1_a3b1c3.pdf.png,0.0100578
bt0q3Pa,t1_a2b2c3.pdf.png,0.593391
bt0q3Pa,t1_a3b1c1.pdf.png,0.0200578
bt0q3Pa,t2_a2b1c2.pdf.png,0.633391
bt0q3Pa,t2_a3b2c2.pdf.png,0
bt0q3Pa,t2_a1b1c3.pdf.png,1
bt0q3Pa,t2_a1b2c3.pdf.png,0
bt0q3Pa,t2_a3b2c3.pdf.png,0.416724
bt0q3Pa,t2_a1b1c1.pdf.png,1
bt0q3Pa,t2_a3b1c3.pdf.png,0.620058
bt0q3Pa,t2_a2b2c3.pdf.png,0.643391
bt0q3Pa,t2_a3b1c1.pdf.png,0.0733911
bt0q3Pa,t3_a2b1c2.pdf.png,1
bt0q3Pa,t3_a3b2c2.pdf.png,1
bt0q3Pa,t3_a1b1c3.pdf.png,0
bt0q3Pa,t3_a1b2c3.pdf.png,0.340058
bt0q3Pa,t3_a3b2c3.pdf.png,0.823391
bt0q3Pa,t3_a1b1c1.pdf.png,1
bt0q3Pa,t3_a3b1c3.pdf.png,0.580058
bt0q3Pa,t3_a2b2c3.pdf.png,0.283391
bt0q3Pa,t3_a3b1c1.pdf.png,1
u6xcsOr,t1_a1b2c2.pdf.png,1
u6xcsOr,t1_a2b2c2.pdf.png,0.518333
u6xcsOr,t1_a3b1c2.pdf.png,0
u6xcsOr,t1_a2b3c3.pdf.png,1
u6xcsOr,t1_a2b1c1.pdf.png,0
u6xcsOr,t1_a1b3c3.pdf.png,1
u6xcsOr,t1_a3b3c3.pdf.png,0.495
u6xcsOr,t1_a1b1c2.pdf.png,1
u6xcsOr,t1_a2b1c3.pdf.png,0.258333
u6xcsOr,t2_a1b2c2.pdf.png,1
u6xcsOr,t2_a2b2c2.pdf.png,0.485
u6xcsOr,t2_a3b1c2.pdf.png,0.005
u6xcsOr,t2_a2b3c3.pdf.png,1
u6xcsOr,t2_a2b1c1.pdf.png,0
u6xcsOr,t2_a1b3c3.pdf.png,1
u6xcsOr,t2_a3b3c3.pdf.png,0
u6xcsOr,t2_a1b1c2.pdf.png,0.745
u6xcsOr,t2_a2b1c3.pdf.png,0.378333
u6xcsOr,t3_a1b2c2.pdf.png,1
u6xcsOr,t3_a2b2c2.pdf.png,0.478333
u6xcsOr,t3_a3b1c2.pdf.png,0
u6xcsOr,t3_a2b3c3.pdf.png,0.851667
u6xcsOr,t3_a2b1c1.pdf.png,0
u6xcsOr,t3_a1b3c3.pdf.png,1
u6xcsOr,t3_a3b3c3.pdf.png,1
u6xcsOr,t3_a1b1c2.pdf.png,1
u6xcsOr,t3_a2b1c3.pdf.png,0.681667
i8AK935,t1_a1b2c2.pdf.png,0.98
i8AK935,t1_a2b2c2.pdf.png,0.953333
i8AK935,t1_a3b1c2.pdf.png,0.06
i8AK935,t1_a2b3c3.pdf.png,0.973333
i8AK935,t1_a2b1c1.pdf.png,0.126667
i8AK935,t1_a1b3c3.pdf.png,0.993333
i8AK935,t1_a3b3c3.pdf.png,0.0166667
i8AK935,t1_a1b1c2.pdf.png,1
i8AK935,t1_a2b1c3.pdf.png,0.06
i8AK935,t2_a1b2c2.pdf.png,0.926667
i8AK935,t2_a2b2c2.pdf.png,0.906667
i8AK935,t2_a3b1c2.pdf.png,0.00666667
i8AK935,t2_a2b3c3.pdf.png,1
i8AK935,t2_a2b1c1.pdf.png,0.96
i8AK935,t2_a1b3c3.pdf.png,0.0833333
i8AK935,t2_a3b3c3.pdf.png,0.973333
i8AK935,t2_a1b1c2.pdf.png,0.03
i8AK935,t2_a2b1c3.pdf.png,0.966667
i8AK935,t3_a1b2c2.pdf.png,0.786667
i8AK935,t3_a2b2c2.pdf.png,0.12
i8AK935,t3_a3b1c2.pdf.png,0.02
i8AK935,t3_a2b3c3.pdf.png,0.0133333
i8AK935,t3_a2b1c1.pdf.png,0.953333
i8AK935,t3_a1b3c3.pdf.png,0.0833333
i8AK935,t3_a3b3c3.pdf.png,0.886667
i8AK935,t3_a1b1c2.pdf.png,0.976667
i8AK935,t3_a2b1c3.pdf.png,0.0466667
GM8yKed,t1_a2b1c2.pdf.png,0.0416667
GM8yKed,t1_a3b2c2.pdf.png,0.0816667
GM8yKed,t1_a1b1c3.pdf.png,0.958333
GM8yKed,t1_a1b2c3.pdf.png,0.955
GM8yKed,t1_a3b2c3.pdf.png,0.101667
GM8yKed,t1_a1b1c1.pdf.png,0.931667
GM8yKed,t1_a3b1c3.pdf.png,0.085
GM8yKed,t1_a2b2c3.pdf.png,0.0183333
GM8yKed,t1_a3b1c1.pdf.png,0.045
GM8yKed,t2_a2b1c2.pdf.png,0.958333
GM8yKed,t2_a3b2c2.pdf.png,0.075
GM8yKed,t2_a1b1c3.pdf.png,0.948333
GM8yKed,t2_a1b2c3.pdf.png,0.0783333
GM8yKed,t2_a3b2c3.pdf.png,0.025
GM8yKed,t2_a1b1c1.pdf.png,0.948333
GM8yKed,t2_a3b1c3.pdf.png,0.0383333
GM8yKed,t2_a2b2c3.pdf.png,0.915
GM8yKed,t2_a3b1c1.pdf.png,0.951667
GM8yKed,t3_a2b1c2.pdf.png,0.965
GM8yKed,t3_a3b2c2.pdf.png,1
GM8yKed,t3_a1b1c3.pdf.png,0.0416667
GM8yKed,t3_a1b2c3.pdf.png,0.105
GM8yKed,t3_a3b2c3.pdf.png,0.995
GM8yKed,t3_a1b1c1.pdf.png,0.0616667
GM8yKed,t3_a3b1c3.pdf.png,0.931667
GM8yKed,t3_a2b2c3.pdf.png,0.145
GM8yKed,t3_a3b1c1.pdf.png,0.925
baTORsQ,t1_a2b1c2.pdf.png,0
baTORsQ,t1_a3b2c2.pdf.png,0
baTORsQ,t1_a1b1c3.pdf.png,1
baTORsQ,t1_a1b2c3.pdf.png,1
baTORsQ,t1_a3b2c3.pdf.png,0
baTORsQ,t1_a1b1c1.pdf.png,0.238333
baTORsQ,t1_a3b1c3.pdf.png,0
baTORsQ,t1_a2b2c3.pdf.png,0.498333
baTORsQ,t1_a3b1c1.pdf.png,0.045
baTORsQ,t2_a2b1c2.pdf.png,0.671667
baTORsQ,t2_a3b2c2.pdf.png,0
baTORsQ,t2_a1b1c3.pdf.png,1
baTORsQ,t2_a1b2c3.pdf.png,0
baTORsQ,t2_a3b2c3.pdf.png,0.025
baTORsQ,t2_a1b1c1.pdf.png,0.858333
baTORsQ,t2_a3b1c3.pdf.png,0.325
baTORsQ,t2_a2b2c3.pdf.png,0.718333
baTORsQ,t2_a3b1c1.pdf.png,0
baTORsQ,t3_a2b1c2.pdf.png,0.745
baTORsQ,t3_a3b2c2.pdf.png,1
baTORsQ,t3_a1b1c3.pdf.png,0.005
baTORsQ,t3_a1b2c3.pdf.png,1
baTORsQ,t3_a3b2c3.pdf.png,0.778333
baTORsQ,t3_a1b1c1.pdf.png,1
baTORsQ,t3_a3b1c3.pdf.png,0.765
baTORsQ,t3_a2b2c3.pdf.png,0
baTORsQ,t3_a3b1c1.pdf.png,1
2XM88J1,t1_a2b1c2.pdf.png,0
2XM88J1,t1_a3b2c2.pdf.png,0.04
2XM88J1,t1_a1b1c3.pdf.png,0.963333
2XM88J1,t1_a1b2c3.pdf.png,1
2XM88J1,t1_a3b2c3.pdf.png,0
2XM88J1,t1_a1b1c1.pdf.png,0.44
2XM88J1,t1_a3b1c3.pdf.png,0
2XM88J1,t1_a2b2c3.pdf.png,0.00333333
2XM88J1,t1_a3b1c1.pdf.png,0.00666667
2XM88J1,t2_a2b1c2.pdf.png,1
2XM88J1,t2_a3b2c2.pdf.png,0
2XM88J1,t2_a1b1c3.pdf.png,1
2XM88J1,t2_a1b2c3.pdf.png,0
2XM88J1,t2_a3b2c3.pdf.png,0.0566667
2XM88J1,t2_a1b1c1.pdf.png,0.493333
2XM88J1,t2_a3b1c3.pdf.png,0
2XM88J1,t2_a2b2c3.pdf.png,0.98
2XM88J1,t2_a3b1c1.pdf.png,0
2XM88J1,t3_a2b1c2.pdf.png,0.516667
2XM88J1,t3_a3b2c2.pdf.png,0.98
2XM88J1,t3_a1b1c3.pdf.png,0
2XM88J1,t3_a1b2c3.pdf.png,0.0333333
2XM88J1,t3_a3b2c3.pdf.png,0.486667
2XM88J1,t3_a1b1c1.pdf.png,0.526667
2XM88J1,t3_a3b1c3.pdf.png,0.553333
2XM88J1,t3_a2b2c3.pdf.png,0.04
2XM88J1,t3_a3b1c1.pdf.png,0.953333
9ExHYE1,t1_a1b2c2.pdf.png,1
9ExHYE1,t1_a2b2c2.pdf.png,0.755
9ExHYE1,t1_a3b1c2.pdf.png,0
9ExHYE1,t1_a2b3c3.pdf.png,1
9ExHYE1,t1_a2b1c1.pdf.png,0
9ExHYE1,t1_a1b3c3.pdf.png,1
9ExHYE1,t1_a3b3c3.pdf.png,0.625
9ExHYE1,t1_a1b1c2.pdf.png,1
9ExHYE1,t1_a2b1c3.pdf.png,0
9ExHYE1,t2_a1b2c2.pdf.png,0.0116667
9ExHYE1,t2_a2b2c2.pdf.png,0.718333
9ExHYE1,t2_a3b1c2.pdf.png,0
9ExHYE1,t2_a2b3c3.pdf.png,1
9ExHYE1,t2_a2b1c1.pdf.png,1
9ExHYE1,t2_a1b3c3.pdf.png,0
9ExHYE1,t2_a3b3c3.pdf.png,0.898333
9ExHYE1,t2_a1b1c2.pdf.png,0.121667
9ExHYE1,t2_a2b1c3.pdf.png,1
9ExHYE1,t3_a1b2c2.pdf.png,1
9ExHYE1,t3_a2b2c2.pdf.png,0.728333
9ExHYE1,t3_a3b1c2.pdf.png,1
9ExHYE1,t3_a2b3c3.pdf.png,0
9ExHYE1,t3_a2b1c1.pdf.png,1
9ExHYE1,t3_a1b3c3.pdf.png,0
9ExHYE1,t3_a3b3c3.pdf.png,0.218333
9ExHYE1,t3_a1b1c2.pdf.png,1
9ExHYE1,t3_a2b1c3.pdf.png,0
8CB2uFJ,t1_a2b1c2.pdf.png,0
8CB2uFJ,t1_a3b2c2.pdf.png,0
8CB2uFJ,t1_a1b1c3.pdf.png,1
8CB2uFJ,t1_a1b2c3.pdf.png,1
8CB2uFJ,t1_a3b2c3.pdf.png,0
8CB2uFJ,t1_a1b1c1.pdf.png,1
8CB2uFJ,t1_a3b1c3.pdf.png,0
8CB2uFJ,t1_a2b2c3.pdf.png,1
8CB2uFJ,t1_a3b1c1.pdf.png,0
8CB2uFJ,t2_a2b1c2.pdf.png,1
8CB2uFJ,t2_a3b2c2.pdf.png,0
8CB2uFJ,t2_a1b1c3.pdf.png,1
8CB2uFJ,t2_a1b2c3.pdf.png,0
8CB2uFJ,t2_a3b2c3.pdf.png,0
8CB2uFJ,t2_a1b1c1.pdf.png,0
8CB2uFJ,t2_a3b1c3.pdf.png,1
8CB2uFJ,t2_a2b2c3.pdf.png,1
8CB2uFJ,t2_a3b1c1.pdf.png,0
8CB2uFJ,t3_a2b1c2.pdf.png,0.991667
8CB2uFJ,t3_a3b2c2.pdf.png,1
8CB2uFJ,t3_a1b1c3.pdf.png,0
8CB2uFJ,t3_a1b2c3.pdf.png,1
8CB2uFJ,t3_a3b2c3.pdf.png,1
8CB2uFJ,t3_a1b1c1.pdf.png,1
8CB2uFJ,t3_a3b1c3.pdf.png,1
8CB2uFJ,t3_a2b2c3.pdf.png,0
8CB2uFJ,t3_a3b1c1.pdf.png,1
mjJk6dJ,t1_a1b2c2.pdf.png,1
mjJk6dJ,t1_a2b2c2.pdf.png,1
mjJk6dJ,t1_a3b1c2.pdf.png,0.025
mjJk6dJ,t1_a2b3c3.pdf.png,1
mjJk6dJ,t1_a2b1c1.pdf.png,0
mjJk6dJ,t1_a1b3c3.pdf.png,1
mjJk6dJ,t1_a3b3c3.pdf.png,1
mjJk6dJ,t1_a1b1c2.pdf.png,0.935
mjJk6dJ,t1_a2b1c3.pdf.png,0
mjJk6dJ,t2_a1b2c2.pdf.png,0
mjJk6dJ,t2_a2b2c2.pdf.png,1
mjJk6dJ,t2_a3b1c2.pdf.png,0
mjJk6dJ,t2_a2b3c3.pdf.png,1
mjJk6dJ,t2_a2b1c1.pdf.png,1
mjJk6dJ,t2_a1b3c3.pdf.png,0
mjJk6dJ,t2_a3b3c3.pdf.png,0.795
mjJk6dJ,t2_a1b1c2.pdf.png,0
mjJk6dJ,t2_a2b1c3.pdf.png,1
mjJk6dJ,t3_a1b2c2.pdf.png,0.978333
mjJk6dJ,t3_a2b2c2.pdf.png,0.755
mjJk6dJ,t3_a3b1c2.pdf.png,1
mjJk6dJ,t3_a2b3c3.pdf.png,0
mjJk6dJ,t3_a2b1c1.pdf.png,1
mjJk6dJ,t3_a1b3c3.pdf.png,0
mjJk6dJ,t3_a3b3c3.pdf.png,1
mjJk6dJ,t3_a1b1c2.pdf.png,1
mjJk6dJ,t3_a2b1c3.pdf.png,0
C2dm1E4,t1_a2b1c2.pdf.png,0.06
C2dm1E4,t1_a3b2c2.pdf.png,0.04
C2dm1E4,t1_a1b1c3.pdf.png,0.9
C2dm1E4,t1_a1b2c3.pdf.png,0.953333
C2dm1E4,t1_a3b2c3.pdf.png,0.0733333
C2dm1E4,t1_a1b1c1.pdf.png,0.84
C2dm1E4,t1_a3b1c3.pdf.png,0.0166667
C2dm1E4,t1_a2b2c3.pdf.png,0.146667
C2dm1E4,t1_a3b1c1.pdf.png,0.02
C2dm1E4,t2_a2b1c2.pdf.png,0.08
C2dm1E4,t2_a3b2c2.pdf.png,0.03
C2dm1E4,t2_a1b1c3.pdf.png,0.97
C2dm1E4,t2_a1b2c3.pdf.png,0.97
C2dm1E4,t2_a3b2c3.pdf.png,0.0866667
C2dm1E4,t2_a1b1c1.pdf.png,0.48
C2dm1E4,t2_a3b1c3.pdf.png,0.05
C2dm1E4,t2_a2b2c3.pdf.png,0.08
C2dm1E4,t2_a3b1c1.pdf.png,0.05
C2dm1E4,t3_a2b1c2.pdf.png,0.00666667
C2dm1E4,t3_a3b2c2.pdf.png,0.0133333
C2dm1E4,t3_a1b1c3.pdf.png,0.94
C2dm1E4,t3_a1b2c3.pdf.png,0.933333
C2dm1E4,t3_a3b2c3.pdf.png,0.0833333
C2dm1E4,t3_a1b1c1.pdf.png,0.926667
C2dm1E4,t3_a3b1c3.pdf.png,0.0133333
C2dm1E4,t3_a2b2c3.pdf.png,0.0233333
C2dm1E4,t3_a3b1c1.pdf.png,0.00666667
PChtsDe,t1_a1b2c2.pdf.png,1
PChtsDe,t1_a2b2c2.pdf.png,0.751667
PChtsDe,t1_a3b1c2.pdf.png,0
PChtsDe,t1_a2b3c3.pdf.png,1
PChtsDe,t1_a2b1c1.pdf.png,0
PChtsDe,t1_a1b3c3.pdf.png,1
PChtsDe,t1_a3b3c3.pdf.png,0.748333
PChtsDe,t1_a1b1c2.pdf.png,1
PChtsDe,t1_a2b1c3.pdf.png,0
PChtsDe,t2_a1b2c2.pdf.png,0
PChtsDe,t2_a2b2c2.pdf.png,0.871667
PChtsDe,t2_a3b1c2.pdf.png,0
PChtsDe,t2_a2b3c3.pdf.png,1
PChtsDe,t2_a2b1c1.pdf.png,0.665
PChtsDe,t2_a1b3c3.pdf.png,0.211667
PChtsDe,t2_a3b3c3.pdf.png,0.851667
PChtsDe,t2_a1b1c2.pdf.png,1
PChtsDe,t2_a2b1c3.pdf.png,1
PChtsDe,t3_a1b2c2.pdf.png,1
PChtsDe,t3_a2b2c2.pdf.png,0.825
PChtsDe,t3_a3b1c2.pdf.png,0.781667
PChtsDe,t3_a2b3c3.pdf.png,0
PChtsDe,t3_a2b1c1.pdf.png,1
PChtsDe,t3_a1b3c3.pdf.png,0
PChtsDe,t3_a3b3c3.pdf.png,0.551667
PChtsDe,t3_a1b1c2.pdf.png,1
PChtsDe,t3_a2b1c3.pdf.png,0.835
ewYCe1k,t1_a1b2c2.pdf.png,0.826667
ewYCe1k,t1_a2b2c2.pdf.png,0.113333
ewYCe1k,t1_a3b1c2.pdf.png,0.0833333
ewYCe1k,t1_a2b3c3.pdf.png,0.933333
ewYCe1k,t1_a2b1c1.pdf.png,0.0966667
ewYCe1k,t1_a1b3c3.pdf.png,0.81
ewYCe1k,t1_a3b3c3.pdf.png,0.58
ewYCe1k,t1_a1b1c2.pdf.png,0.873333
ewYCe1k,t1_a2b1c3.pdf.png,0.113333
ewYCe1k,t2_a1b2c2.pdf.png,0.0666667
ewYCe1k,t2_a2b2c2.pdf.png,0.663333
ewYCe1k,t2_a3b1c2.pdf.png,0.116667
ewYCe1k,t2_a2b3c3.pdf.png,0.866667
ewYCe1k,t2_a2b1c1.pdf.png,0.736667
ewYCe1k,t2_a1b3c3.pdf.png,0.176667
ewYCe1k,t2_a3b3c3.pdf.png,0.77
ewYCe1k,t2_a1b1c2.pdf.png,0.123333
ewYCe1k,t2_a2b1c3.pdf.png,0.82
ewYCe1k,t3_a1b2c2.pdf.png,0.0766667
ewYCe1k,t3_a2b2c2.pdf.png,0.763333
ewYCe1k,t3_a3b1c2.pdf.png,0.836667
ewYCe1k,t3_a2b3c3.pdf.png,0.06
ewYCe1k,t3_a2b1c1.pdf.png,0.846667
ewYCe1k,t3_a1b3c3.pdf.png,0.0833333
ewYCe1k,t3_a3b3c3.pdf.png,0.88
ewYCe1k,t3_a1b1c2.pdf.png,0.9
ewYCe1k,t3_a2b1c3.pdf.png,0.823333
rMn4a0I,t1_a2b1c2.pdf.png,0.943333
rMn4a0I,t1_a3b2c2.pdf.png,0.95
rMn4a0I,t1_a1b1c3.pdf.png,0.966667
rMn4a0I,t1_a1b2c3.pdf.png,0.923333
rMn4a0I,t1_a3b2c3.pdf.png,0.95
rMn4a0I,t1_a1b1c1.pdf.png,0.966667
rMn4a0I,t1_a3b1c3.pdf.png,0.92
rMn4a0I,t1_a2b2c3.pdf.png,0.93
rMn4a0I,t1_a3b1c1.pdf.png,0.953333
rMn4a0I,t2_a2b1c2.pdf.png,0.976667
rMn4a0I,t2_a3b2c2.pdf.png,0.926667
rMn4a0I,t2_a1b1c3.pdf.png,0.0566667
rMn4a0I,t2_a1b2c3.pdf.png,0.03
rMn4a0I,t2_a3b2c3.pdf.png,0.95
rMn4a0I,t2_a1b1c1.pdf.png,0.03
rMn4a0I,t2_a3b1c3.pdf.png,0.973333
rMn4a0I,t2_a2b2c3.pdf.png,0.92
rMn4a0I,t2_a3b1c1.pdf.png,0.976667
rMn4a0I,t3_a2b1c2.pdf.png,0.0633333
rMn4a0I,t3_a3b2c2.pdf.png,0.966667
rMn4a0I,t3_a1b1c3.pdf.png,0.07
rMn4a0I,t3_a1b2c3.pdf.png,0.0533333
rMn4a0I,t3_a3b2c3.pdf.png,0.99
rMn4a0I,t3_a1b1c1.pdf.png,0.03
rMn4a0I,t3_a3b1c3.pdf.png,0.94
rMn4a0I,t3_a2b2c3.pdf.png,0.00333333
rMn4a0I,t3_a3b1c1.pdf.png,0.966667
7rdzHJ5,t1_a2b1c2.pdf.png,0.361667
7rdzHJ5,t1_a3b2c2.pdf.png,0
7rdzHJ5,t1_a1b1c3.pdf.png,1
7rdzHJ5,t1_a1b2c3.pdf.png,1
7rdzHJ5,t1_a3b2c3.pdf.png,0
7rdzHJ5,t1_a1b1c1.pdf.png,1
7rdzHJ5,t1_a3b1c3.pdf.png,0
7rdzHJ5,t1_a2b2c3.pdf.png,1
7rdzHJ5,t1_a3b1c1.pdf.png,0
7rdzHJ5,t2_a2b1c2.pdf.png,1
7rdzHJ5,t2_a3b2c2.pdf.png,0
7rdzHJ5,t2_a1b1c3.pdf.png,1
7rdzHJ5,t2_a1b2c3.pdf.png,0
7rdzHJ5,t2_a3b2c3.pdf.png,0
7rdzHJ5,t2_a1b1c1.pdf.png,0.515
7rdzHJ5,t2_a3b1c3.pdf.png,0.351667
7rdzHJ5,t2_a2b2c3.pdf.png,0.758333
7rdzHJ5,t2_a3b1c1.pdf.png,0
7rdzHJ5,t3_a2b1c2.pdf.png,1
7rdzHJ5,t3_a3b2c2.pdf.png,1
7rdzHJ5,t3_a1b1c3.pdf.png,0
7rdzHJ5,t3_a1b2c3.pdf.png,1
7rdzHJ5,t3_a3b2c3.pdf.png,1
7rdzHJ5,t3_a1b1c1.pdf.png,1
7rdzHJ5,t3_a3b1c3.pdf.png,0.768333
7rdzHJ5,t3_a2b2c3.pdf.png,0.508333
7rdzHJ5,t3_a3b1c1.pdf.png,0.508333
gTFVCzZ,t1_a1b2c2.pdf.png,1
gTFVCzZ,t1_a2b2c2.pdf.png,0
gTFVCzZ,t1_a3b1c2.pdf.png,0
gTFVCzZ,t1_a2b3c3.pdf.png,1
gTFVCzZ,t1_a2b1c1.pdf.png,0
gTFVCzZ,t1_a1b3c3.pdf.png,1
gTFVCzZ,t1_a3b3c3.pdf.png,0
gTFVCzZ,t1_a1b1c2.pdf.png,1
gTFVCzZ,t1_a2b1c3.pdf.png,0
gTFVCzZ,t2_a1b2c2.pdf.png,0
gTFVCzZ,t2_a2b2c2.pdf.png,0.668333
gTFVCzZ,t2_a3b1c2.pdf.png,0
gTFVCzZ,t2_a2b3c3.pdf.png,1
gTFVCzZ,t2_a2b1c1.pdf.png,1
gTFVCzZ,t2_a1b3c3.pdf.png,0
gTFVCzZ,t2_a3b3c3.pdf.png,0
gTFVCzZ,t2_a1b1c2.pdf.png,0
gTFVCzZ,t2_a2b1c3.pdf.png,1
gTFVCzZ,t3_a1b2c2.pdf.png,1
gTFVCzZ,t3_a2b2c2.pdf.png,1
gTFVCzZ,t3_a3b1c2.pdf.png,1
gTFVCzZ,t3_a2b3c3.pdf.png,0
gTFVCzZ,t3_a2b1c1.pdf.png,1
gTFVCzZ,t3_a1b3c3.pdf.png,0
gTFVCzZ,t3_a3b3c3.pdf.png,1
gTFVCzZ,t3_a1b1c2.pdf.png,1
gTFVCzZ,t3_a2b1c3.pdf.png,0
WT1N0yL,t1_a2b1c2.pdf.png,0
WT1N0yL,t1_a3b2c2.pdf.png,0.0433333
WT1N0yL,t1_a1b1c3.pdf.png,0.00666667
WT1N0yL,t1_a1b2c3.pdf.png,0.0233333
WT1N0yL,t1_a3b2c3.pdf.png,0.0166667
WT1N0yL,t1_a1b1c1.pdf.png,0.0166667
WT1N0yL,t1_a3b1c3.pdf.png,0.0333333
WT1N0yL,t1_a2b2c3.pdf.png,0.04
WT1N0yL,t1_a3b1c1.pdf.png,0.0366667
WT1N0yL,t2_a2b1c2.pdf.png,0.946667
WT1N0yL,t2_a3b2c2.pdf.png,0.0133333
WT1N0yL,t2_a1b1c3.pdf.png,0.966667
WT1N0yL,t2_a1b2c3.pdf.png,0.0133333
WT1N0yL,t2_a3b2c3.pdf.png,0.0166667
WT1N0yL,t2_a1b1c1.pdf.png,0.986667
WT1N0yL,t2_a3b1c3.pdf.png,1
WT1N0yL,t2_a2b2c3.pdf.png,0.0233333
WT1N0yL,t2_a3b1c1.pdf.png,0.956667
WT1N0yL,t3_a2b1c2.pdf.png,0.99
WT1N0yL,t3_a3b2c2.pdf.png,0.94
WT1N0yL,t3_a1b1c3.pdf.png,1
WT1N0yL,t3_a1b2c3.pdf.png,0.953333
WT1N0yL,t3_a3b2c3.pdf.png,1
WT1N0yL,t3_a1b1c1.pdf.png,1
WT1N0yL,t3_a3b1c3.pdf.png,0.95
WT1N0yL,t3_a2b2c3.pdf.png,0.956667
WT1N0yL,t3_a3b1c1.pdf.png,0.973333
JM77pE3,t1_a2b1c2.pdf.png,0.0733333
JM77pE3,t1_a3b2c2.pdf.png,0
JM77pE3,t1_a1b1c3.pdf.png,0.96
JM77pE3,t1_a1b2c3.pdf.png,1
JM77pE3,t1_a3b2c3.pdf.png,0
JM77pE3,t1_a1b1c1.pdf.png,0.98
JM77pE3,t1_a3b1c3.pdf.png,0
JM77pE3,t1_a2b2c3.pdf.png,0.0166667
JM77pE3,t1_a3b1c1.pdf.png,0.0166667
JM77pE3,t2_a2b1c2.pdf.png,1
JM77pE3,t2_a3b2c2.pdf.png,0
JM77pE3,t2_a1b1c3.pdf.png,0.856667
JM77pE3,t2_a1b2c3.pdf.png,0
JM77pE3,t2_a3b2c3.pdf.png,0.08
JM77pE3,t2_a1b1c1.pdf.png,1
JM77pE3,t2_a3b1c3.pdf.png,0.14
JM77pE3,t2_a2b2c3.pdf.png,1
JM77pE3,t2_a3b1c1.pdf.png,1
JM77pE3,t3_a2b1c2.pdf.png,1
JM77pE3,t3_a3b2c2.pdf.png,1
JM77pE3,t3_a1b1c3.pdf.png,0
JM77pE3,t3_a1b2c3.pdf.png,0.786667
JM77pE3,t3_a3b2c3.pdf.png,0.983333
JM77pE3,t3_a1b1c1.pdf.png,1
JM77pE3,t3_a3b1c3.pdf.png,1
JM77pE3,t3_a2b2c3.pdf.png,0.24
JM77pE3,t3_a3b1c1.pdf.png,1
Wmwjm2z,t1_a1b2c2.pdf.png,1
Wmwjm2z,t1_a2b2c2.pdf.png,0.631667
Wmwjm2z,t1_a3b1c2.pdf.png,0
Wmwjm2z,t1_a2b3c3.pdf.png,1
Wmwjm2z,t1_a2b1c1.pdf.png,0
Wmwjm2z,t1_a1b3c3.pdf.png,0
Wmwjm2z,t1_a3b3c3.pdf.png,0.748333
Wmwjm2z,t1_a1b1c2.pdf.png,0.998333
Wmwjm2z,t1_a2b1c3.pdf.png,0
Wmwjm2z,t2_a1b2c2.pdf.png,0
Wmwjm2z,t2_a2b2c2.pdf.png,1
Wmwjm2z,t2_a3b1c2.pdf.png,0
Wmwjm2z,t2_a2b3c3.pdf.png,0
Wmwjm2z,t2_a2b1c1.pdf.png,1
Wmwjm2z,t2_a1b3c3.pdf.png,0
Wmwjm2z,t2_a3b3c3.pdf.png,0.741667
Wmwjm2z,t2_a1b1c2.pdf.png,0.998333
Wmwjm2z,t2_a2b1c3.pdf.png,0.901667
Wmwjm2z,t3_a1b2c2.pdf.png,0.801667
Wmwjm2z,t3_a2b2c2.pdf.png,0.565
Wmwjm2z,t3_a3b1c2.pdf.png,1
Wmwjm2z,t3_a2b3c3.pdf.png,0
Wmwjm2z,t3_a2b1c1.pdf.png,1
Wmwjm2z,t3_a1b3c3.pdf.png,0
Wmwjm2z,t3_a3b3c3.pdf.png,1
Wmwjm2z,t3_a1b1c2.pdf.png,1
Wmwjm2z,t3_a2b1c3.pdf.png,0.255
QlFgWnG,t1_a2b1c2.pdf.png,0.0983333
QlFgWnG,t1_a3b2c2.pdf.png,0.0216667
QlFgWnG,t1_a1b1c3.pdf.png,0.985
QlFgWnG,t1_a1b2c3.pdf.png,1
QlFgWnG,t1_a3b2c3.pdf.png,0.0116667
QlFgWnG,t1_a1b1c1.pdf.png,0.0416667
QlFgWnG,t1_a3b1c3.pdf.png,0.0283333
QlFgWnG,t1_a2b2c3.pdf.png,0.878333
QlFgWnG,t1_a3b1c1.pdf.png,0.035
QlFgWnG,t2_a2b1c2.pdf.png,0.035
QlFgWnG,t2_a3b2c2.pdf.png,0.065
QlFgWnG,t2_a1b1c3.pdf.png,0.858333
QlFgWnG,t2_a1b2c3.pdf.png,0.0516667
QlFgWnG,t2_a3b2c3.pdf.png,0.055
QlFgWnG,t2_a1b1c1.pdf.png,0.835
QlFgWnG,t2_a3b1c3.pdf.png,0
QlFgWnG,t2_a2b2c3.pdf.png,0.635
QlFgWnG,t2_a3b1c1.pdf.png,0.0483333
QlFgWnG,t3_a2b1c2.pdf.png,0.938333
QlFgWnG,t3_a3b2c2.pdf.png,0.795
QlFgWnG,t3_a1b1c3.pdf.png,0.0483333
QlFgWnG,t3_a1b2c3.pdf.png,0.135
QlFgWnG,t3_a3b2c3.pdf.png,0.818333
QlFgWnG,t3_a1b1c1.pdf.png,0.965
QlFgWnG,t3_a3b1c3.pdf.png,0.938333
QlFgWnG,t3_a2b2c3.pdf.png,1
QlFgWnG,t3_a3b1c1.pdf.png,0.918333
rZV5JT9,t1_a2b1c2.pdf.png,0
rZV5JT9,t1_a3b2c2.pdf.png,0.296667
rZV5JT9,t1_a1b1c3.pdf.png,0.926667
rZV5JT9,t1_a1b2c3.pdf.png,1
rZV5JT9,t1_a3b2c3.pdf.png,0
rZV5JT9,t1_a1b1c1.pdf.png,0.606667
rZV5JT9,t1_a3b1c3.pdf.png,0
rZV5JT9,t1_a2b2c3.pdf.png,0.713333
rZV5JT9,t1_a3b1c1.pdf.png,0
rZV5JT9,t2_a2b1c2.pdf.png,0.65
rZV5JT9,t2_a3b2c2.pdf.png,0.203333
rZV5JT9,t2_a1b1c3.pdf.png,1
rZV5JT9,t2_a1b2c3.pdf.png,0.0633333
rZV5JT9,t2_a3b2c3.pdf.png,0
rZV5JT9,t2_a1b1c1.pdf.png,0.863333
rZV5JT9,t2_a3b1c3.pdf.png,0.666667
rZV5JT9,t2_a2b2c3.pdf.png,0.696667
rZV5JT9,t2_a3b1c1.pdf.png,0.08
rZV5JT9,t3_a2b1c2.pdf.png,0.716667
rZV5JT9,t3_a3b2c2.pdf.png,1
rZV5JT9,t3_a1b1c3.pdf.png,0.126667
rZV5JT9,t3_a1b2c3.pdf.png,0.0566667
rZV5JT9,t3_a3b2c3.pdf.png,0.686667
rZV5JT9,t3_a1b1c1.pdf.png,0.503333
rZV5JT9,t3_a3b1c3.pdf.png,0.57
rZV5JT9,t3_a2b2c3.pdf.png,0.0366667
rZV5JT9,t3_a3b1c1.pdf.png,1
KWHWTU4,t1_a1b2c2.pdf.png,0.908333
KWHWTU4,t1_a2b2c2.pdf.png,0.375
KWHWTU4,t1_a3b1c2.pdf.png,0
KWHWTU4,t1_a2b3c3.pdf.png,0.615
KWHWTU4,t1_a2b1c1.pdf.png,0.195
KWHWTU4,t1_a1b3c3.pdf.png,0.955
KWHWTU4,t1_a3b3c3.pdf.png,0.321667
KWHWTU4,t1_a1b1c2.pdf.png,0.701667
KWHWTU4,t1_a2b1c3.pdf.png,0
KWHWTU4,t2_a1b2c2.pdf.png,0.641667
KWHWTU4,t2_a2b2c2.pdf.png,0.645
KWHWTU4,t2_a3b1c2.pdf.png,0
KWHWTU4,t2_a2b3c3.pdf.png,0.678333
KWHWTU4,t2_a2b1c1.pdf.png,1
KWHWTU4,t2_a1b3c3.pdf.png,0.595
KWHWTU4,t2_a3b3c3.pdf.png,0.391667
KWHWTU4,t2_a1b1c2.pdf.png,0.645
KWHWTU4,t2_a2b1c3.pdf.png,0.641667
KWHWTU4,t3_a1b2c2.pdf.png,0.611667
KWHWTU4,t3_a2b2c2.pdf.png,0.228333
KWHWTU4,t3_a3b1c2.pdf.png,0.998333
KWHWTU4,t3_a2b3c3.pdf.png,0.405
KWHWTU4,t3_a2b1c1.pdf.png,0.738333
KWHWTU4,t3_a1b3c3.pdf.png,0.251667
KWHWTU4,t3_a3b3c3.pdf.png,0.015
KWHWTU4,t3_a1b1c2.pdf.png,0.625
KWHWTU4,t3_a2b1c3.pdf.png,0.611667
0xJdyiR,t1_a2b1c2.pdf.png,0.233333
0xJdyiR,t1_a3b2c2.pdf.png,0
0xJdyiR,t1_a1b1c3.pdf.png,1
0xJdyiR,t1_a1b2c3.pdf.png,1
0xJdyiR,t1_a3b2c3.pdf.png,0
0xJdyiR,t1_a1b1c1.pdf.png,1
0xJdyiR,t1_a3b1c3.pdf.png,0.0166667
0xJdyiR,t1_a2b2c3.pdf.png,0
0xJdyiR,t1_a3b1c1.pdf.png,0.02
0xJdyiR,t2_a2b1c2.pdf.png,0.16
0xJdyiR,t2_a3b2c2.pdf.png,0
0xJdyiR,t2_a1b1c3.pdf.png,1
0xJdyiR,t2_a1b2c3.pdf.png,1
0xJdyiR,t2_a3b2c3.pdf.png,0
0xJdyiR,t2_a1b1c1.pdf.png,0.66
0xJdyiR,t2_a3b1c3.pdf.png,0
0xJdyiR,t2_a2b2c3.pdf.png,1
0xJdyiR,t2_a3b1c1.pdf.png,0
0xJdyiR,t3_a2b1c2.pdf.png,0.17
0xJdyiR,t3_a3b2c2.pdf.png,0.01
0xJdyiR,t3_a1b1c3.pdf.png,1
0xJdyiR,t3_a1b2c3.pdf.png,1
0xJdyiR,t3_a3b2c3.pdf.png,0.0133333
0xJdyiR,t3_a1b1c1.pdf.png,0.81
0xJdyiR,t3_a3b1c3.pdf.png,0.176667
0xJdyiR,t3_a2b2c3.pdf.png,1
0xJdyiR,t3_a3b1c1.pdf.png,0
xaEViQR,t1_a1b2c2.pdf.png,1
xaEViQR,t1_a2b2c2.pdf.png,0.493333
xaEViQR,t1_a3b1c2.pdf.png,0.0233333
xaEViQR,t1_a2b3c3.pdf.png,0.496667
xaEViQR,t1_a2b1c1.pdf.png,0.893333
xaEViQR,t1_a1b3c3.pdf.png,0.97
xaEViQR,t1_a3b3c3.pdf.png,0.473333
xaEViQR,t1_a1b1c2.pdf.png,0.873333
xaEViQR,t1_a2b1c3.pdf.png,0.506667
xaEViQR,t2_a1b2c2.pdf.png,0.09
xaEViQR,t2_a2b2c2.pdf.png,0.506667
xaEViQR,t2_a3b1c2.pdf.png,0.273333
xaEViQR,t2_a2b3c3.pdf.png,0.98
xaEViQR,t2_a2b1c1.pdf.png,1
xaEViQR,t2_a1b3c3.pdf.png,0.0166667
xaEViQR,t2_a3b3c3.pdf.png,0.35
xaEViQR,t2_a1b1c2.pdf.png,0.25
xaEViQR,t2_a2b1c3.pdf.png,1
xaEViQR,t3_a1b2c2.pdf.png,0.973333
xaEViQR,t3_a2b2c2.pdf.png,0.62
xaEViQR,t3_a3b1c2.pdf.png,0.99
xaEViQR,t3_a2b3c3.pdf.png,0.0533333
xaEViQR,t3_a2b1c1.pdf.png,0.766667
xaEViQR,t3_a1b3c3.pdf.png,0
xaEViQR,t3_a3b3c3.pdf.png,0.503333
xaEViQR,t3_a1b1c2.pdf.png,0.803333
xaEViQR,t3_a2b1c3.pdf.png,0.273333
TR0tuar,t1_a1b2c2.pdf.png,0.946667
TR0tuar,t1_a2b2c2.pdf.png,0.493333
TR0tuar,t1_a3b1c2.pdf.png,0.106667
TR0tuar,t1_a2b3c3.pdf.png,0.933333
TR0tuar,t1_a2b1c1.pdf.png,0.0266667
TR0tuar,t1_a1b3c3.pdf.png,0.96
TR0tuar,t1_a3b3c3.pdf.png,0.486667
TR0tuar,t1_a1b1c2.pdf.png,0.753333
TR0tuar,t1_a2b1c3.pdf.png,0.09
TR0tuar,t2_a1b2c2.pdf.png,0.116667
TR0tuar,t2_a2b2c2.pdf.png,0.506667
TR0tuar,t2_a3b1c2.pdf.png,0.0466667
TR0tuar,t2_a2b3c3.pdf.png,0.96
TR0tuar,t2_a2b1c1.pdf.png,0.9
TR0tuar,t2_a1b3c3.pdf.png,0.263333
TR0tuar,t2_a3b3c3.pdf.png,0.233333
TR0tuar,t2_a1b1c2.pdf.png,0.136667
TR0tuar,t2_a2b1c3.pdf.png,0.906667
TR0tuar,t3_a1b2c2.pdf.png,0.99
TR0tuar,t3_a2b2c2.pdf.png,0.94
TR0tuar,t3_a3b1c2.pdf.png,0.496667
TR0tuar,t3_a2b3c3.pdf.png,0.0966667
TR0tuar,t3_a2b1c1.pdf.png,0.936667
TR0tuar,t3_a1b3c3.pdf.png,0.03
TR0tuar,t3_a3b3c3.pdf.png,0.28
TR0tuar,t3_a1b1c2.pdf.png,0.863333
TR0tuar,t3_a2b1c3.pdf.png,0.13
gB3nMzl,t1_a2b1c2.pdf.png,0.0866667
gB3nMzl,t1_a3b2c2.pdf.png,-1
gB3nMzl,t1_a1b1c3.pdf.png,0.926667
gB3nMzl,t1_a1b2c3.pdf.png,0.89
gB3nMzl,t1_a3b2c3.pdf.png,0.01
gB3nMzl,t1_a1b1c1.pdf.png,0.263333
gB3nMzl,t1_a3b1c3.pdf.png,0.02
gB3nMzl,t1_a2b2c3.pdf.png,0.193333
gB3nMzl,t1_a3b1c1.pdf.png,0.0133333
gB3nMzl,t2_a2b1c2.pdf.png,0.623333
gB3nMzl,t2_a3b2c2.pdf.png,0.01
gB3nMzl,t2_a1b1c3.pdf.png,0.96
gB3nMzl,t2_a1b2c3.pdf.png,0.686667
gB3nMzl,t2_a3b2c3.pdf.png,0.02
gB3nMzl,t2_a1b1c1.pdf.png,0.473333
gB3nMzl,t2_a3b1c3.pdf.png,0.956667
gB3nMzl,t2_a2b2c3.pdf.png,0.45
gB3nMzl,t2_a3b1c1.pdf.png,-1
gB3nMzl,t3_a2b1c2.pdf.png,0.99
gB3nMzl,t3_a3b2c2.pdf.png,0.943333
gB3nMzl,t3_a1b1c3.pdf.png,0.00666667
gB3nMzl,t3_a1b2c3.pdf.png,0.786667
gB3nMzl,t3_a3b2c3.pdf.png,0.886667
gB3nMzl,t3_a1b1c1.pdf.png,0.0766667
gB3nMzl,t3_a3b1c3.pdf.png,0.86
gB3nMzl,t3_a2b2c3.pdf.png,-1
gB3nMzl,t3_a3b1c1.pdf.png,0.963333
grw3bdq,t1_a1b2c2.pdf.png,0.77
grw3bdq,t1_a2b2c2.pdf.png,0.0433333
grw3bdq,t1_a3b1c2.pdf.png,0.0266667
grw3bdq,t1_a2b3c3.pdf.png,0.92
grw3bdq,t1_a2b1c1.pdf.png,0.12
grw3bdq,t1_a1b3c3.pdf.png,0.936667
grw3bdq,t1_a3b3c3.pdf.png,1
grw3bdq,t1_a1b1c2.pdf.png,0.613333
grw3bdq,t1_a2b1c3.pdf.png,0.04
grw3bdq,t2_a1b2c2.pdf.png,0.146667
grw3bdq,t2_a2b2c2.pdf.png,0.83
grw3bdq,t2_a3b1c2.pdf.png,0.0466667
grw3bdq,t2_a2b3c3.pdf.png,0.923333
grw3bdq,t2_a2b1c1.pdf.png,0.173333
grw3bdq,t2_a1b3c3.pdf.png,0.81
grw3bdq,t2_a3b3c3.pdf.png,0.136667
grw3bdq,t2_a1b1c2.pdf.png,0.52
grw3bdq,t2_a2b1c3.pdf.png,0.98
grw3bdq,t3_a1b2c2.pdf.png,0.9
grw3bdq,t3_a2b2c2.pdf.png,0.336667
grw3bdq,t3_a3b1c2.pdf.png,0.616667
grw3bdq,t3_a2b3c3.pdf.png,0.353333
grw3bdq,t3_a2b1c1.pdf.png,0.863333
grw3bdq,t3_a1b3c3.pdf.png,0.826667
grw3bdq,t3_a3b3c3.pdf.png,0.95
grw3bdq,t3_a1b1c2.pdf.png,0.816667
grw3bdq,t3_a2b1c3.pdf.png,0.603333
KsfvTby,t1_a1b2c2.pdf.png,0.958333
KsfvTby,t1_a2b2c2.pdf.png,0.528333
KsfvTby,t1_a3b1c2.pdf.png,0.025
KsfvTby,t1_a2b3c3.pdf.png,1
KsfvTby,t1_a2b1c1.pdf.png,0.0116667
KsfvTby,t1_a1b3c3.pdf.png,0.968333
KsfvTby,t1_a3b3c3.pdf.png,0.401667
KsfvTby,t1_a1b1c2.pdf.png,0.668333
KsfvTby,t1_a2b1c3.pdf.png,0.171667
KsfvTby,t2_a1b2c2.pdf.png,0
KsfvTby,t2_a2b2c2.pdf.png,0.478333
KsfvTby,t2_a3b1c2.pdf.png,0.0816667
KsfvTby,t2_a2b3c3.pdf.png,0.935
KsfvTby,t2_a2b1c1.pdf.png,0.781667
KsfvTby,t2_a1b3c3.pdf.png,0.128333
KsfvTby,t2_a3b3c3.pdf.png,0.495
KsfvTby,t2_a1b1c2.pdf.png,0.498333
KsfvTby,t2_a2b1c3.pdf.png,0.948333
KsfvTby,t3_a1b2c2.pdf.png,0.841667
KsfvTby,t3_a2b2c2.pdf.png,0.505
KsfvTby,t3_a3b1c2.pdf.png,0.995
KsfvTby,t3_a2b3c3.pdf.png,0.0483333
KsfvTby,t3_a2b1c1.pdf.png,1
KsfvTby,t3_a1b3c3.pdf.png,0.0216667
KsfvTby,t3_a3b3c3.pdf.png,0.498333
KsfvTby,t3_a1b1c2.pdf.png,0.495
KsfvTby,t3_a2b1c3.pdf.png,0.0316667
HZlzwXf,t1_a1b2c2.pdf.png,0.98
HZlzwXf,t1_a2b2c2.pdf.png,0.523333
HZlzwXf,t1_a3b1c2.pdf.png,0.0266667
HZlzwXf,t1_a2b3c3.pdf.png,0.993333
HZlzwXf,t1_a2b1c1.pdf.png,0.00333333
HZlzwXf,t1_a1b3c3.pdf.png,0.963333
HZlzwXf,t1_a3b3c3.pdf.png,0.446667
HZlzwXf,t1_a1b1c2.pdf.png,0.716667
HZlzwXf,t1_a2b1c3.pdf.png,0.0266667
HZlzwXf,t2_a1b2c2.pdf.png,0.02
HZlzwXf,t2_a2b2c2.pdf.png,0.426667
HZlzwXf,t2_a3b1c2.pdf.png,0.02
HZlzwXf,t2_a2b3c3.pdf.png,0.983333
HZlzwXf,t2_a2b1c1.pdf.png,0.966667
HZlzwXf,t2_a1b3c3.pdf.png,0.0466667
HZlzwXf,t2_a3b3c3.pdf.png,0.656667
HZlzwXf,t2_a1b1c2.pdf.png,0.0466667
HZlzwXf,t2_a2b1c3.pdf.png,0.99
HZlzwXf,t3_a1b2c2.pdf.png,0.99
HZlzwXf,t3_a2b2c2.pdf.png,0.426667
HZlzwXf,t3_a3b1c2.pdf.png,0.986667
HZlzwXf,t3_a2b3c3.pdf.png,0.02
HZlzwXf,t3_a2b1c1.pdf.png,0.98
HZlzwXf,t3_a1b3c3.pdf.png,0.203333
HZlzwXf,t3_a3b3c3.pdf.png,0.39
HZlzwXf,t3_a1b1c2.pdf.png,0
HZlzwXf,t3_a2b1c3.pdf.png,0.34
FHVCb2V,t1_a1b2c2.pdf.png,1
FHVCb2V,t1_a2b2c2.pdf.png,0
FHVCb2V,t1_a3b1c2.pdf.png,0
FHVCb2V,t1_a2b3c3.pdf.png,0.941667
FHVCb2V,t1_a2b1c1.pdf.png,0.015
FHVCb2V,t1_a1b3c3.pdf.png,0.965
FHVCb2V,t1_a3b3c3.pdf.png,0
FHVCb2V,t1_a1b1c2.pdf.png,0
FHVCb2V,t1_a2b1c3.pdf.png,0.00833333
FHVCb2V,t2_a1b2c2.pdf.png,0
FHVCb2V,t2_a2b2c2.pdf.png,0
FHVCb2V,t2_a3b1c2.pdf.png,0
FHVCb2V,t2_a2b3c3.pdf.png,0.981667
FHVCb2V,t2_a2b1c1.pdf.png,0
FHVCb2V,t2_a1b3c3.pdf.png,0.025
FHVCb2V,t2_a3b3c3.pdf.png,0
FHVCb2V,t2_a1b1c2.pdf.png,0
FHVCb2V,t2_a2b1c3.pdf.png,1
FHVCb2V,t3_a1b2c2.pdf.png,0
FHVCb2V,t3_a2b2c2.pdf.png,0
FHVCb2V,t3_a3b1c2.pdf.png,1
FHVCb2V,t3_a2b3c3.pdf.png,0
FHVCb2V,t3_a2b1c1.pdf.png,1
FHVCb2V,t3_a1b3c3.pdf.png,0.065
FHVCb2V,t3_a3b3c3.pdf.png,0.00833333
FHVCb2V,t3_a1b1c2.pdf.png,0.948333
FHVCb2V,t3_a2b1c3.pdf.png,0
